--
-- PostgreSQL database dump
--

-- Dumped from database version 16.6
-- Dumped by pg_dump version 16.5

SET statement_timeout = 0;
SET lock_timeout = 0;
SET idle_in_transaction_session_timeout = 0;
SET client_encoding = 'UTF8';
SET standard_conforming_strings = on;
SELECT pg_catalog.set_config('search_path', '', false);
SET check_function_bodies = false;
SET xmloption = content;
SET client_min_messages = warning;
SET row_security = off;

SET default_tablespace = '';

SET default_table_access_method = heap;

--
-- Name: checkpoints; Type: TABLE; Schema: public; Owner: neondbowner
--

CREATE TABLE public.checkpoints (
    id integer NOT NULL,
    user_id integer NOT NULL,
    latitude real NOT NULL,
    longitude real NOT NULL,
    created_at timestamp without time zone DEFAULT now() NOT NULL,
    comment text,
    confirmations integer DEFAULT 0 NOT NULL,
    active boolean DEFAULT true NOT NULL,
    rejections integer DEFAULT 0 NOT NULL,
    last_confirmation_at timestamp without time zone,
    last_rejection_at timestamp without time zone
);


ALTER TABLE public.checkpoints OWNER TO neondbowner;

--
-- Name: checkpoints_id_seq; Type: SEQUENCE; Schema: public; Owner: neondbowner
--

CREATE SEQUENCE public.checkpoints_id_seq
    AS integer
    START WITH 1
    INCREMENT BY 1
    NO MINVALUE
    NO MAXVALUE
    CACHE 1;


ALTER SEQUENCE public.checkpoints_id_seq OWNER TO neondbowner;

--
-- Name: checkpoints_id_seq; Type: SEQUENCE OWNED BY; Schema: public; Owner: neondbowner
--

ALTER SEQUENCE public.checkpoints_id_seq OWNED BY public.checkpoints.id;


--
-- Name: confirmations; Type: TABLE; Schema: public; Owner: neondbowner
--

CREATE TABLE public.confirmations (
    id integer NOT NULL,
    checkpoint_id integer NOT NULL,
    user_id integer NOT NULL,
    created_at timestamp without time zone DEFAULT now() NOT NULL,
    is_rejection boolean DEFAULT false NOT NULL,
    last_vote_time timestamp without time zone DEFAULT CURRENT_TIMESTAMP NOT NULL
);


ALTER TABLE public.confirmations OWNER TO neondbowner;

--
-- Name: confirmations_id_seq; Type: SEQUENCE; Schema: public; Owner: neondbowner
--

CREATE SEQUENCE public.confirmations_id_seq
    AS integer
    START WITH 1
    INCREMENT BY 1
    NO MINVALUE
    NO MAXVALUE
    CACHE 1;


ALTER SEQUENCE public.confirmations_id_seq OWNER TO neondbowner;

--
-- Name: confirmations_id_seq; Type: SEQUENCE OWNED BY; Schema: public; Owner: neondbowner
--

ALTER SEQUENCE public.confirmations_id_seq OWNED BY public.confirmations.id;


--
-- Name: routes; Type: TABLE; Schema: public; Owner: neondbowner
--

CREATE TABLE public.routes (
    id integer NOT NULL,
    user_id integer NOT NULL,
    coordinates text NOT NULL,
    created_at timestamp without time zone DEFAULT now() NOT NULL,
    active boolean DEFAULT true NOT NULL,
    verified boolean DEFAULT false NOT NULL
);


ALTER TABLE public.routes OWNER TO neondbowner;

--
-- Name: routes_id_seq; Type: SEQUENCE; Schema: public; Owner: neondbowner
--

CREATE SEQUENCE public.routes_id_seq
    AS integer
    START WITH 1
    INCREMENT BY 1
    NO MINVALUE
    NO MAXVALUE
    CACHE 1;


ALTER SEQUENCE public.routes_id_seq OWNER TO neondbowner;

--
-- Name: routes_id_seq; Type: SEQUENCE OWNED BY; Schema: public; Owner: neondbowner
--

ALTER SEQUENCE public.routes_id_seq OWNED BY public.routes.id;


--
-- Name: session; Type: TABLE; Schema: public; Owner: neondbowner
--

CREATE TABLE public.session (
    sid character varying NOT NULL,
    sess json NOT NULL,
    expire timestamp(6) without time zone NOT NULL
);


ALTER TABLE public.session OWNER TO neondbowner;

--
-- Name: user_actions; Type: TABLE; Schema: public; Owner: neondbowner
--

CREATE TABLE public.user_actions (
    id integer NOT NULL,
    user_id integer NOT NULL,
    action_type text NOT NULL,
    points integer NOT NULL,
    created_at timestamp without time zone DEFAULT CURRENT_TIMESTAMP NOT NULL,
    target_id integer
);


ALTER TABLE public.user_actions OWNER TO neondbowner;

--
-- Name: user_actions_id_seq; Type: SEQUENCE; Schema: public; Owner: neondbowner
--

CREATE SEQUENCE public.user_actions_id_seq
    AS integer
    START WITH 1
    INCREMENT BY 1
    NO MINVALUE
    NO MAXVALUE
    CACHE 1;


ALTER SEQUENCE public.user_actions_id_seq OWNER TO neondbowner;

--
-- Name: user_actions_id_seq; Type: SEQUENCE OWNED BY; Schema: public; Owner: neondbowner
--

ALTER SEQUENCE public.user_actions_id_seq OWNED BY public.user_actions.id;


--
-- Name: users; Type: TABLE; Schema: public; Owner: neondbowner
--

CREATE TABLE public.users (
    id integer NOT NULL,
    username text NOT NULL,
    password text NOT NULL,
    reputation integer DEFAULT 0 NOT NULL,
    is_admin boolean DEFAULT false NOT NULL,
    penalty_points integer DEFAULT 0 NOT NULL,
    last_active_at timestamp without time zone DEFAULT CURRENT_TIMESTAMP NOT NULL,
    display_name text,
    car_number text,
    avatar_url text
);


ALTER TABLE public.users OWNER TO neondbowner;

--
-- Name: users_id_seq; Type: SEQUENCE; Schema: public; Owner: neondbowner
--

CREATE SEQUENCE public.users_id_seq
    AS integer
    START WITH 1
    INCREMENT BY 1
    NO MINVALUE
    NO MAXVALUE
    CACHE 1;


ALTER SEQUENCE public.users_id_seq OWNER TO neondbowner;

--
-- Name: users_id_seq; Type: SEQUENCE OWNED BY; Schema: public; Owner: neondbowner
--

ALTER SEQUENCE public.users_id_seq OWNED BY public.users.id;


--
-- Name: checkpoints id; Type: DEFAULT; Schema: public; Owner: neondbowner
--

ALTER TABLE ONLY public.checkpoints ALTER COLUMN id SET DEFAULT nextval('public.checkpoints_id_seq'::regclass);


--
-- Name: confirmations id; Type: DEFAULT; Schema: public; Owner: neondbowner
--

ALTER TABLE ONLY public.confirmations ALTER COLUMN id SET DEFAULT nextval('public.confirmations_id_seq'::regclass);


--
-- Name: routes id; Type: DEFAULT; Schema: public; Owner: neondbowner
--

ALTER TABLE ONLY public.routes ALTER COLUMN id SET DEFAULT nextval('public.routes_id_seq'::regclass);


--
-- Name: user_actions id; Type: DEFAULT; Schema: public; Owner: neondbowner
--

ALTER TABLE ONLY public.user_actions ALTER COLUMN id SET DEFAULT nextval('public.user_actions_id_seq'::regclass);


--
-- Name: users id; Type: DEFAULT; Schema: public; Owner: neondbowner
--

ALTER TABLE ONLY public.users ALTER COLUMN id SET DEFAULT nextval('public.users_id_seq'::regclass);


--
-- Data for Name: checkpoints; Type: TABLE DATA; Schema: public; Owner: neondbowner
--

COPY public.checkpoints (id, user_id, latitude, longitude, created_at, comment, confirmations, active, rejections, last_confirmation_at, last_rejection_at) FROM stdin;
8	1	47.21419	39.652203	2025-02-08 19:29:29.935	R	0	f	0	\N	\N
1	1	47.210354	39.6027	2025-02-08 16:58:04.904	1	0	f	0	\N	\N
2	1	47.21036	39.60268	2025-02-08 17:29:52.821	2	0	f	0	\N	\N
4	1	47.21035	39.602688	2025-02-08 18:05:42.918		0	f	0	\N	\N
3	1	47.21035	39.602688	2025-02-08 17:29:56.117		0	f	0	\N	\N
5	1	47.21035	39.602688	2025-02-08 18:05:43.404	3 шапки	0	f	0	\N	\N
22	1	47.211674	39.608845	2025-02-08 21:53:48.037		0	f	0	\N	\N
6	1	47.211697	39.60778	2025-02-08 19:22:17.796		0	f	0	\N	\N
7	1	47.21561	39.64154	2025-02-08 19:27:33.624	2	0	f	0	\N	\N
9	1	47.21208	39.609962	2025-02-08 21:53:19.797		0	f	0	\N	\N
10	1	47.21208	39.613136	2025-02-08 21:53:22.701		0	f	0	\N	\N
11	1	47.215343	39.613308	2025-02-08 21:53:24.934		0	f	0	\N	\N
12	1	47.214325	39.613396	2025-02-08 21:53:28.97		0	f	0	\N	\N
13	1	47.21409	39.612965	2025-02-08 21:53:30.387		0	f	0	\N	\N
14	1	47.211494	39.61348	2025-02-08 21:53:31.749		0	f	0	\N	\N
15	1	47.211582	39.61082	2025-02-08 21:53:32.945		0	f	0	\N	\N
16	1	47.21179	39.60962	2025-02-08 21:53:34.507		0	f	0	\N	\N
17	1	47.211876	39.610176	2025-02-08 21:53:35.593		0	f	0	\N	\N
18	1	47.21179	39.609703	2025-02-08 21:53:36.589		0	f	0	\N	\N
19	1	47.21106	39.60936	2025-02-08 21:53:40.001		0	f	0	\N	\N
20	1	47.210564	39.60816	2025-02-08 21:53:42.01		0	f	0	\N	\N
21	1	47.211525	39.608715	2025-02-08 21:53:44.004		0	f	0	\N	\N
23	1	47.21205	39.609188	2025-02-08 21:53:50.043		0	f	0	\N	\N
29	1	47.22533	39.652615	2025-02-09 09:46:27.051		0	f	0	\N	\N
25	1	47.22533	39.652615	2025-02-09 09:46:27.035		0	f	0	\N	\N
24	1	47.22533	39.652615	2025-02-09 09:46:27.029		0	f	0	\N	\N
26	1	47.22533	39.652615	2025-02-09 09:46:27.037	.	0	f	0	\N	\N
28	1	47.22533	39.652615	2025-02-09 09:46:27.044		0	f	0	\N	\N
27	1	47.22533	39.652615	2025-02-09 09:46:27.042		0	f	0	\N	\N
36	1	47.238102	39.6144	2025-02-09 10:00:45.981		0	f	0	\N	\N
47	1	47.21439	39.637306	2025-02-09 17:34:50.002		0	f	0	\N	\N
49	1	47.21932	39.638115	2025-02-09 17:48:50.885		0	f	0	\N	\N
43	1	47.242294	39.613888	2025-02-09 16:51:47.504		0	f	0	\N	\N
44	1	47.244595	39.612755	2025-02-09 17:15:49.244		0	f	0	\N	\N
48	1	47.20453	39.637127	2025-02-09 17:41:21.469		0	f	0	\N	\N
30	1	47.22533	39.652615	2025-02-09 09:54:55.2	2	0	f	0	\N	\N
33	1	47.22533	39.652615	2025-02-09 09:57:50.798		0	f	0	\N	\N
34	1	47.22533	39.652615	2025-02-09 09:57:50.799		0	f	0	\N	\N
31	1	47.22533	39.652615	2025-02-09 09:54:55.202		0	f	0	\N	\N
55	1	47.224407	39.65222	2025-02-09 19:25:33.471		0	f	0	\N	\N
56	1	47.225094	39.65324	2025-02-09 19:25:36.727		0	f	0	\N	\N
70	1	47.213657	39.61195	2025-02-09 19:35:45.772		0	f	0	\N	\N
65	1	47.213715	39.61221	2025-02-09 19:35:36.184		0	f	0	\N	\N
69	1	47.213615	39.61221	2025-02-09 19:35:43.964		0	f	0	\N	\N
66	1	47.21354	39.61234	2025-02-09 19:35:38.36		0	f	0	\N	\N
42	1	47.213013	39.613453	2025-02-09 16:48:25.114		0	f	0	\N	\N
64	1	47.213425	39.61212	2025-02-09 19:35:34.11		0	f	0	\N	\N
59	1	47.214424	39.612595	2025-02-09 19:35:18.969		0	f	0	\N	\N
57	1	47.21432	39.61405	2025-02-09 19:35:16.237		0	f	0	\N	\N
80	1	47.22692	39.64889	2025-02-09 19:43:02.772		0	f	0	\N	\N
62	1	47.21446	39.611713	2025-02-09 19:35:25.832		0	f	0	\N	\N
72	1	47.21293	39.612038	2025-02-09 19:35:50.06		0	f	0	\N	\N
71	1	47.2128	39.612595	2025-02-09 19:35:47.919		0	f	0	\N	\N
68	1	47.21281	39.613216	2025-02-09 19:35:42.182		0	f	0	\N	\N
58	1	47.2138	39.614677	2025-02-09 19:35:17.734		0	f	0	\N	\N
63	1	47.21316	39.61315	2025-02-09 19:35:28.086		0	f	0	\N	\N
73	1	47.212666	39.611843	2025-02-09 19:35:52.506		0	f	0	\N	\N
67	1	47.213	39.61311	2025-02-09 19:35:40.363		0	f	0	\N	\N
60	1	47.21634	39.61386	2025-02-09 19:35:22.508		0	f	0	\N	\N
39	1	47.226765	39.649017	2025-02-09 16:04:30.685	2	0	f	0	\N	\N
74	1	47.22692	39.648933	2025-02-09 19:41:59.359		0	f	0	\N	\N
75	1	47.22695	39.648964	2025-02-09 19:42:04.407		0	f	0	\N	\N
76	1	47.22696	39.648964	2025-02-09 19:42:09.274		0	f	0	\N	\N
77	1	47.226982	39.64887	2025-02-09 19:42:13.847		0	f	0	\N	\N
78	1	47.226963	39.648945	2025-02-09 19:42:51.571		0	f	0	\N	\N
79	1	47.226936	39.64893	2025-02-09 19:42:56.769		0	f	0	\N	\N
81	1	47.226936	39.648903	2025-02-09 19:43:07.074		0	f	0	\N	\N
82	1	47.226902	39.648937	2025-02-09 19:43:11.629		0	f	0	\N	\N
61	1	47.216106	39.613045	2025-02-09 19:35:24.22		0	f	0	\N	\N
40	1	47.215652	39.61374	2025-02-09 16:41:55.831		0	f	0	\N	\N
92	1	47.21575	39.61313	2025-02-09 19:48:38.446		0	f	0	\N	\N
91	1	47.21581	39.613342	2025-02-09 19:48:33.384		0	f	0	\N	\N
87	1	47.2152	39.61373	2025-02-09 19:48:19.722		0	f	0	\N	\N
86	1	47.216057	39.613514	2025-02-09 19:48:17.829		0	f	0	\N	\N
85	1	47.215168	39.613537	2025-02-09 19:48:15.492		0	f	0	\N	\N
88	1	47.21604	39.613323	2025-02-09 19:48:21.661		0	f	0	\N	\N
89	1	47.214832	39.613773	2025-02-09 19:48:29.405		0	f	0	\N	\N
83	1	47.2154	39.613667	2025-02-09 19:48:10.658		0	f	0	\N	\N
41	1	47.215725	39.613434	2025-02-09 16:48:08.312		0	f	0	\N	\N
90	1	47.214935	39.61373	2025-02-09 19:48:31.416		0	f	0	\N	\N
84	1	47.21683	39.613472	2025-02-09 19:48:12.966		0	f	0	\N	\N
93	1	47.215607	39.613365	2025-02-09 19:49:21.617		0	f	0	\N	\N
94	1	47.215694	39.613407	2025-02-09 19:49:30.036		0	f	0	\N	\N
96	1	47.21552	39.613323	2025-02-09 19:49:51.235		0	f	0	\N	\N
95	1	47.21565	39.61345	2025-02-09 19:49:31.569		0	f	0	\N	\N
99	1	47.21568	39.61313	2025-02-09 19:50:04.434		0	f	0	\N	\N
97	1	47.215546	39.613216	2025-02-09 19:49:55.58		0	f	0	\N	\N
98	1	47.215576	39.613216	2025-02-09 19:49:59.999		0	f	0	\N	\N
100	1	47.215664	39.61298	2025-02-09 19:50:08.724		0	f	0	\N	\N
101	1	47.21568	39.61313	2025-02-09 19:50:15.456		0	f	0	\N	\N
102	1	47.215576	39.613	2025-02-09 19:50:19.847		0	f	0	\N	\N
103	1	47.21559	39.613106	2025-02-09 19:50:24.112		0	f	0	\N	\N
104	1	47.224865	39.614094	2025-02-09 19:53:54.325		0	f	0	\N	\N
105	1	47.225025	39.6142	2025-02-09 19:53:58.851		0	f	0	\N	\N
106	1	47.22491	39.614307	2025-02-09 19:54:03.077		0	f	0	\N	\N
107	1	47.225	39.61435	2025-02-09 19:54:07.442		0	f	0	\N	\N
108	1	47.225	39.614113	2025-02-09 19:54:11.758		0	f	0	\N	\N
109	1	47.224865	39.614178	2025-02-09 19:54:16.005		0	f	0	\N	\N
110	1	47.22484	39.61416	2025-02-09 19:54:20.215		0	f	0	\N	\N
111	1	47.22488	39.614136	2025-02-09 19:54:24.277		0	f	0	\N	\N
112	1	47.22488	39.614178	2025-02-09 19:54:28.161		0	f	0	\N	\N
113	1	47.225113	39.61435	2025-02-09 19:54:32.345		0	f	0	\N	\N
35	1	47.247036	39.655445	2025-02-09 09:57:56.145		0	f	0	\N	\N
32	1	47.238228	39.636265	2025-02-09 09:57:34.48		0	f	0	\N	\N
114	1	47.22504	39.614437	2025-02-09 19:54:36.692		0	f	0	\N	\N
115	1	47.224926	39.6142	2025-02-09 19:54:41.202		0	f	0	\N	\N
116	1	47.225094	39.614227	2025-02-09 19:54:50.691		0	f	0	\N	\N
119	1	47.225243	39.614204	2025-02-09 19:56:06.37		0	f	0	\N	\N
117	1	47.22538	39.614098	2025-02-09 19:56:01.487		0	f	0	\N	\N
118	1	47.22542	39.614376	2025-02-09 19:56:04.411		0	f	0	\N	\N
124	1	47.22526	39.61415	2025-02-09 19:56:20.703		0	f	0	\N	\N
123	1	47.22534	39.614258	2025-02-09 19:56:18.104		0	f	0	\N	\N
125	1	47.225246	39.614346	2025-02-09 19:56:22.871		0	f	0	\N	\N
122	1	47.22535	39.61402	2025-02-09 19:56:12.969		0	f	0	\N	\N
127	1	47.22519	39.614304	2025-02-09 19:56:34.234		0	f	0	\N	\N
126	1	47.225227	39.61427	2025-02-09 19:56:28.521		0	f	0	\N	\N
120	1	47.225246	39.61443	2025-02-09 19:56:08.74		0	f	0	\N	\N
121	1	47.225365	39.614002	2025-02-09 19:56:10.931		0	f	0	\N	\N
130	1	47.23175	39.616844	2025-02-09 20:15:33.603		0	f	0	\N	\N
132	1	47.23236	39.616734	2025-02-09 20:15:38.959		0	f	0	\N	\N
53	1	47.23202	39.616966	2025-02-09 18:28:06.469		0	f	0	\N	\N
134	1	47.231766	39.61714	2025-02-09 20:15:43.156		0	f	0	\N	\N
131	1	47.23188	39.61727	2025-02-09 20:15:36.826		0	f	0	\N	\N
136	1	47.231766	39.61624	2025-02-09 20:15:48.025		0	f	0	\N	\N
133	1	47.23213	39.6162	2025-02-09 20:15:41.095		0	f	0	\N	\N
128	1	47.232086	39.61656	2025-02-09 20:15:28.747		0	f	0	\N	\N
129	1	47.23223	39.616306	2025-02-09 20:15:31.426		0	f	0	\N	\N
135	1	47.232143	39.61727	2025-02-09 20:15:45.029		0	f	0	\N	\N
140	1	47.24728	39.65513	2025-02-09 20:21:05.513		0	f	0	\N	\N
138	1	47.24718	39.654915	2025-02-09 20:21:01.615		0	f	0	\N	\N
139	1	47.247383	39.656136	2025-02-09 20:21:03.644		0	f	0	\N	\N
137	1	47.247543	39.65601	2025-02-09 20:20:59.718		0	f	0	\N	\N
141	1	47.24696	39.65556	2025-02-09 20:21:07.541		0	f	0	\N	\N
142	1	47.247047	39.655922	2025-02-09 20:21:09.452		0	f	0	\N	\N
155	5	47.232502	39.641724	2025-02-10 11:03:35.113		0	f	0	\N	\N
144	1	47.24712	39.65558	2025-02-09 20:21:42.516		0	f	0	\N	\N
145	1	47.2472	39.655785	2025-02-09 20:21:44.507		0	f	0	\N	\N
143	1	47.2472	39.655838	2025-02-09 20:21:40.194		0	f	0	\N	\N
37	1	47.232395	39.6008	2025-02-09 11:59:14.952		0	f	0	\N	\N
38	1	47.23241	39.60102	2025-02-09 11:59:20.203		0	f	0	\N	\N
45	1	47.251434	39.608078	2025-02-09 17:15:55.983		0	f	0	\N	\N
46	1	47.25908	39.620644	2025-02-09 17:16:11.235		0	f	0	\N	\N
50	1	47.242054	39.609203	2025-02-09 17:52:24.722		0	f	0	\N	\N
51	1	47.234455	39.642586	2025-02-09 18:03:18.609		0	f	0	\N	\N
52	1	47.24522	39.676407	2025-02-09 18:16:48.81		0	f	0	\N	\N
54	1	47.30054	39.20568	2025-02-09 18:34:51.376		0	f	0	\N	\N
158	5	47.232067	39.641945	2025-02-10 11:03:47.343		0	f	0	\N	\N
156	5	47.23309	39.643406	2025-02-10 11:03:42.767		0	f	0	\N	\N
157	5	47.232563	39.642548	2025-02-10 11:03:45.088		0	f	0	\N	\N
159	5	47.23402	39.640015	2025-02-10 11:03:49.477		0	f	0	\N	\N
161	5	47.232708	39.639416	2025-02-10 11:03:53.662		0	f	0	\N	\N
160	5	47.233204	39.6401	2025-02-10 11:03:51.622		0	f	0	\N	\N
163	5	47.232067	39.64066	2025-02-10 11:03:58.369		0	f	0	\N	\N
162	5	47.232243	39.640015	2025-02-10 11:03:55.929		0	f	0	\N	\N
146	2	47.23146	39.64262	2025-02-09 21:58:57.046		1	f	0	\N	\N
149	3	47.227844	39.646053	2025-02-09 22:24:20.941		2	f	0	\N	\N
148	2	47.227497	39.657726	2025-02-09 22:14:12.804		2	f	0	\N	\N
147	2	47.224	39.625454	2025-02-09 22:13:47.765		2	f	0	\N	\N
150	3	47.231808	39.628887	2025-02-09 22:24:25.88		3	f	0	\N	\N
164	5	47.232803	39.641975	2025-02-10 11:04:27.325		0	f	0	\N	\N
165	5	47.232685	39.641117	2025-02-10 11:04:34.252		0	f	0	\N	\N
153	1	47.241737	39.64112	2025-02-10 11:02:46.517		1	f	0	\N	\N
151	1	47.232903	39.642002	2025-02-10 11:02:26.48		0	f	0	\N	\N
154	5	47.22957	39.64502	2025-02-10 11:03:11.975		0	f	0	\N	\N
152	1	47.232887	39.641544	2025-02-10 11:02:39.973		1	f	0	\N	\N
166	1	47.23025	39.644672	2025-02-11 16:06:02.272		0	f	0	\N	\N
167	1	47.240067	39.63836	2025-02-11 16:10:03.985		0	f	0	\N	\N
169	1	47.23998	39.638325	2025-02-11 16:10:16.999		0	f	0	\N	\N
172	1	47.239964	39.63814	2025-02-11 16:10:32.198		0	f	0	\N	\N
173	1	47.239994	39.63852	2025-02-11 16:10:34.948		0	f	0	\N	\N
175	1	47.240105	39.638317	2025-02-11 16:10:49.344		0	f	0	\N	\N
168	1	47.239994	39.63853	2025-02-11 16:10:10.236		0	f	0	\N	\N
174	1	47.24018	39.63833	2025-02-11 16:10:47.002		0	f	0	\N	\N
171	1	47.240124	39.63811	2025-02-11 16:10:25.522		0	f	0	\N	\N
170	1	47.240253	39.63811	2025-02-11 16:10:19.593		0	f	0	\N	\N
176	1	47.240128	39.63834	2025-02-11 16:10:58.208		0	f	0	\N	\N
191	1	47.22581	39.629574	2025-02-11 21:54:42.844		0	f	0	\N	\N
192	1	47.228653	39.646812	2025-02-11 22:06:52.031		1	f	0	\N	\N
178	1	47.237392	39.634796	2025-02-11 16:21:01.949		2	f	0	\N	\N
179	1	47.228683	39.65748	2025-02-11 16:21:06.272		1	f	1	\N	\N
177	1	47.23024	39.646133	2025-02-11 16:20:58.88		0	f	2	\N	\N
188	1	47.236378	39.63778	2025-02-11 21:45:24.986		0	f	0	\N	\N
180	1	47.232788	39.636894	2025-02-11 17:54:13.833		0	f	0	\N	\N
181	1	47.221466	39.632145	2025-02-11 17:54:15.741		0	f	0	\N	\N
182	1	47.21319	39.63498	2025-02-11 17:54:17.974		0	f	0	\N	\N
183	1	47.21188	39.66347	2025-02-11 17:54:24.105		1	f	0	\N	\N
185	7	47.21212	39.614296	2025-02-11 18:28:49.786		0	f	0	\N	\N
186	7	47.24394	39.64639	2025-02-11 18:28:51.89		0	f	0	\N	\N
184	7	47.211304	39.648792	2025-02-11 18:28:48.076		1	f	0	\N	\N
208	8	47.227127	39.670288	2025-02-11 22:35:19.186		0	f	0	\N	\N
193	1	47.23264	39.64174	2025-02-11 22:16:35.874		1	f	0	\N	\N
217	8	47.227592	39.67102	2025-02-11 22:35:50.584		0	f	0	\N	\N
195	8	47.22534	39.652588	2025-02-11 22:32:07.782		1	f	0	\N	\N
218	8	47.226982	39.66982	2025-02-11 22:35:56.197		1	f	0	\N	\N
203	8	47.228313	39.672318	2025-02-11 22:35:01.211		0	f	0	\N	\N
216	8	47.227856	39.672993	2025-02-11 22:35:46.555		0	f	0	\N	\N
215	8	47.228233	39.672863	2025-02-11 22:35:43.656		0	f	0	\N	\N
199	8	47.22781	39.67	2025-02-11 22:34:43.367		0	f	0	\N	\N
214	8	47.227623	39.669304	2025-02-11 22:35:39.149		0	f	0	\N	\N
212	8	47.227768	39.669174	2025-02-11 22:35:31.27		0	f	0	\N	\N
207	8	47.227436	39.667854	2025-02-11 22:35:11.994		0	f	0	\N	\N
197	8	47.228214	39.654694	2025-02-11 22:33:00.164		1	f	0	\N	\N
198	8	47.22223	39.65798	2025-02-11 22:33:34.688		0	f	0	\N	\N
196	8	47.227383	39.659313	2025-02-11 22:32:21.324		0	f	0	\N	\N
200	8	47.22322	39.66588	2025-02-11 22:34:49.16		0	f	0	\N	\N
202	8	47.22633	39.668972	2025-02-11 22:34:59.011		0	f	0	\N	\N
205	8	47.227203	39.671803	2025-02-11 22:35:06.947		0	f	0	\N	\N
213	8	47.226192	39.670803	2025-02-11 22:35:37.425		0	f	0	\N	\N
206	8	47.229244	39.671204	2025-02-11 22:35:09.582		0	f	0	\N	\N
211	8	47.22835	39.670933	2025-02-11 22:35:29.08		0	f	0	\N	\N
209	8	47.22844	39.671535	2025-02-11 22:35:21.957		0	f	0	\N	\N
201	8	47.216732	39.662388	2025-02-11 22:34:52.913		0	f	0	\N	\N
187	1	47.2303	39.647247	2025-02-11 21:12:39.45		1	f	0	\N	\N
194	1	47.247246	39.65864	2025-02-11 22:28:22.044		0	f	0	\N	\N
219	8	47.228874	39.670204	2025-02-11 22:35:59.169		9	f	3	\N	\N
190	1	47.21124	39.61971	2025-02-11 21:48:41.388		0	f	0	\N	\N
223	8	47.225353	39.65279	2025-02-11 22:38:58.276		0	f	0	\N	\N
220	1	47.22808	39.670773	2025-02-11 22:36:07.148		1	f	0	\N	\N
221	8	47.228092	39.670734	2025-02-11 22:36:07.76		0	f	0	\N	\N
210	8	47.227943	39.669003	2025-02-11 22:35:24.021		1	f	0	\N	\N
204	8	47.22837	39.668198	2025-02-11 22:35:04.057		0	f	0	\N	\N
259	8	51.81201	40.770264	2025-02-11 22:44:34.892		0	f	0	\N	\N
256	8	52.089634	40.808716	2025-02-11 22:44:30.5		0	f	0	\N	\N
255	8	52.160454	40.51758	2025-02-11 22:44:29.344		0	f	0	\N	\N
257	8	51.99503	41.154785	2025-02-11 22:44:32.324		0	f	0	\N	\N
260	8	51.661198	41.57982	2025-02-11 22:44:36.809		0	f	0	\N	\N
258	8	51.862923	41.44043	2025-02-11 22:44:33.541		0	f	0	\N	\N
251	8	51.412197	41.099396	2025-02-11 22:44:23.452		0	f	0	\N	\N
252	8	51.202724	40.25894	2025-02-11 22:44:24.976		0	f	0	\N	\N
253	8	51.0752	40.039215	2025-02-11 22:44:26.127		0	f	0	\N	\N
254	8	51.822197	39.96826	2025-02-11 22:44:28.038		0	f	0	\N	\N
250	8	50.660923	40.862732	2025-02-11 22:44:21.776		0	f	0	\N	\N
248	8	50.834854	40.690155	2025-02-11 22:44:18.815		0	f	0	\N	\N
247	8	50.466248	41.11084	2025-02-11 22:44:17.151		0	f	0	\N	\N
246	8	50.09063	40.85266	2025-02-11 22:44:15.911		0	f	1	\N	\N
245	8	50.178658	40.38025	2025-02-11 22:44:14.808		0	f	0	\N	\N
249	8	50.41304	40.159607	2025-02-11 22:44:20.343		0	f	1	\N	\N
244	8	49.924706	40.53955	2025-02-11 22:44:13.475		0	f	0	\N	\N
243	8	49.57451	40.542984	2025-02-11 22:44:11.74		0	f	0	\N	\N
242	8	49.190678	40.671387	2025-02-11 22:44:09.899		0	f	0	\N	\N
241	8	48.919643	40.444794	2025-02-11 22:44:07.852		0	f	0	\N	\N
240	8	48.720715	40.38437	2025-02-11 22:44:06.404		0	f	0	\N	\N
237	8	48.29416	40.325317	2025-02-11 22:43:58.163		0	f	0	\N	\N
222	8	47.226784	39.64237	2025-02-11 22:38:12.005		0	f	0	\N	\N
274	1	47.21184	39.67469	2025-02-12 01:49:00.174		0	f	0	\N	\N
276	7	47.233757	39.670246	2025-02-12 02:33:31.371		2	f	3	2025-02-12 02:34:32.13	2025-02-12 02:34:30.833
189	1	47.237347	39.625713	2025-02-11 21:48:38.883		1	f	0	\N	\N
279	7	47.241215	39.62854	2025-02-12 02:33:38.401		1	f	0	2025-02-12 03:36:27.403	\N
287	1	47.22869	39.616398	2025-02-12 02:45:48.862		0	f	0	\N	\N
278	7	47.229095	39.628025	2025-02-12 02:33:36.654		1	f	0	2025-02-12 03:45:19.795	\N
283	1	47.229145	39.618088	2025-02-12 02:45:37.973		0	f	0	\N	\N
298	1	47.22533	39.65261	2025-02-12 03:18:46.657		0	f	0	\N	\N
224	8	47.259865	39.650913	2025-02-11 22:40:17.426		0	f	0	\N	\N
225	8	47.26068	39.64645	2025-02-11 22:40:19.021		0	f	0	\N	\N
226	8	55.751656	37.616844	2025-02-11 22:40:33.151		0	f	0	\N	\N
227	8	47.27457	39.494476	2025-02-11 22:41:28.835		0	f	0	\N	\N
228	8	47.41322	39.28711	2025-02-11 22:42:04.829		0	f	0	\N	\N
229	8	47.31113	40.189133	2025-02-11 22:42:09.231		0	f	0	\N	\N
230	8	47.32067	40.386086	2025-02-11 22:42:12.861		0	f	0	\N	\N
231	8	47.558456	40.193825	2025-02-11 22:42:14.582		0	f	0	\N	\N
232	8	47.704216	40.229187	2025-02-11 22:42:17.015		0	f	0	\N	\N
233	8	47.76333	39.943542	2025-02-11 22:42:18.531		0	f	0	\N	\N
234	8	47.61388	39.699554	2025-02-11 22:42:21.384		0	f	0	\N	\N
235	8	47.91266	40.07263	2025-02-11 22:43:54.891		0	f	0	\N	\N
236	8	48.0083	40.10559	2025-02-11 22:43:56.854		0	f	0	\N	\N
238	8	48.35701	40.027313	2025-02-11 22:44:01.764		0	f	0	\N	\N
239	8	48.33145	39.939423	2025-02-11 22:44:05.065		0	f	0	\N	\N
295	1	47.228897	39.61665	2025-02-12 02:46:13.312		0	f	0	\N	\N
299	1	47.22786	39.668507	2025-02-12 03:28:01.74		0	f	0	\N	\N
286	1	47.22897	39.61616	2025-02-12 02:45:46.757		0	f	0	\N	\N
285	1	47.229053	39.616432	2025-02-12 02:45:44.885		0	f	0	\N	\N
281	1	47.229465	39.618217	2025-02-12 02:45:34.353		0	f	0	\N	\N
290	1	47.228764	39.615925	2025-02-12 02:45:57.917		0	f	0	\N	\N
291	1	47.229412	39.616302	2025-02-12 02:46:00.066		0	f	0	\N	\N
280	1	47.228504	39.616932	2025-02-12 02:45:31.232		0	f	0	\N	\N
289	1	47.22893	39.61689	2025-02-12 02:45:54.276		0	f	0	\N	\N
293	1	47.22893	39.617256	2025-02-12 02:46:07.798		0	f	0	\N	\N
288	1	47.22913	39.61702	2025-02-12 02:45:50.827		0	f	0	\N	\N
300	1	47.22784	39.669067	2025-02-12 03:28:05.929		0	f	0	\N	\N
297	1	47.22918	39.616604	2025-02-12 02:46:17.121		0	f	0	\N	\N
294	1	47.229156	39.615776	2025-02-12 02:46:10.346		0	f	0	\N	\N
275	1	47.229275	39.6168	2025-02-12 02:33:10.538		1	f	0	2025-02-12 02:33:45.527	\N
301	1	47.227745	39.668316	2025-02-12 03:28:07.93		0	f	0	\N	\N
296	1	47.229275	39.61624	2025-02-12 02:46:15.208		0	f	0	\N	\N
292	1	47.229298	39.616013	2025-02-12 02:46:02.534		0	f	0	\N	\N
284	1	47.228737	39.615345	2025-02-12 02:45:40.302		0	f	0	\N	\N
282	1	47.2297	39.615128	2025-02-12 02:45:36.076		0	f	0	\N	\N
306	1	47.23102	39.688507	2025-02-12 03:28:26.801		0	f	0	\N	\N
302	1	47.227673	39.668896	2025-02-12 03:28:11.654		0	f	0	\N	\N
307	1	47.230957	39.688206	2025-02-12 03:28:31.467		0	f	0	\N	\N
310	1	47.23131	39.68906	2025-02-12 03:28:38.889		0	f	0	\N	\N
312	1	47.231102	39.688427	2025-02-12 03:28:47.275		0	f	0	\N	\N
314	1	47.23132	39.688606	2025-02-12 03:28:56.802		0	f	0	\N	\N
317	1	47.23113	39.688614	2025-02-12 03:29:15.015		0	f	0	\N	\N
315	1	47.231255	39.688576	2025-02-12 03:29:00.731		0	f	0	\N	\N
319	1	47.231087	39.688293	2025-02-12 03:29:59.817		0	f	0	\N	\N
305	1	47.231197	39.688347	2025-02-12 03:28:24.795		0	f	0	\N	\N
303	1	47.23114	39.688793	2025-02-12 03:28:19.905		0	f	0	\N	\N
308	1	47.23137	39.68864	2025-02-12 03:28:34.087		0	f	0	\N	\N
311	1	47.2314	39.68824	2025-02-12 03:28:40.771		0	f	0	\N	\N
316	1	47.23137	39.68888	2025-02-12 03:29:06.693		0	f	0	\N	\N
267	1	47.212097	39.63592	2025-02-12 00:56:37.028		0	f	0	\N	\N
304	1	47.231102	39.687992	2025-02-12 03:28:22.835		0	f	0	\N	\N
309	1	47.231445	39.688953	2025-02-12 03:28:36.303		0	f	0	\N	\N
268	1	47.246254	39.692764	2025-02-12 00:56:40.023		0	f	0	\N	\N
313	1	47.231438	39.68847	2025-02-12 03:28:51.266		0	f	0	\N	\N
318	1	47.23143	39.687756	2025-02-12 03:29:56.084		0	f	0	\N	\N
320	1	47.230892	39.688797	2025-02-12 03:33:08.587		0	f	0	\N	\N
321	1	47.235336	39.70832	2025-02-12 03:33:19.24		0	f	0	\N	\N
322	1	47.23519	39.707592	2025-02-12 03:33:23.478		0	f	0	\N	\N
325	1	47.23512	39.708515	2025-02-12 03:33:29.878		0	f	0	\N	\N
324	1	47.235	39.70772	2025-02-12 03:33:27.609		0	f	0	\N	\N
328	1	47.235176	39.708538	2025-02-12 03:33:46.254		0	f	0	\N	\N
326	1	47.235367	39.7092	2025-02-12 03:33:31.88		0	f	0	\N	\N
323	1	47.23554	39.709053	2025-02-12 03:33:25.607		0	f	0	\N	\N
269	1	47.263454	39.671696	2025-02-12 00:56:42.834		0	f	0	\N	\N
270	1	47.246136	39.613007	2025-02-12 00:56:46.016		0	f	0	\N	\N
272	1	47.191807	39.62476	2025-02-12 00:56:51.669		0	f	0	\N	\N
263	7	47.211945	39.65726	2025-02-12 00:54:48.63		3	f	1	2025-02-12 01:55:08.711	2025-02-12 01:55:16.962
273	1	47.198338	39.66767	2025-02-12 00:56:59.517		0	f	1	\N	\N
266	1	47.230633	39.64433	2025-02-12 00:56:34.532		1	f	0	2025-02-12 02:33:40.39	\N
262	7	47.24906	39.654114	2025-02-12 00:54:32.27		3	f	2	\N	\N
264	7	47.213284	39.69548	2025-02-12 00:54:51.481		2	f	0	\N	\N
271	1	47.250214	39.63566	2025-02-12 00:56:48.06		1	f	0	2025-02-12 02:33:48.891	\N
265	7	47.24732	39.670937	2025-02-12 00:54:54.828		2	f	1	2025-02-12 02:38:46.024	2025-02-12 02:38:35.233
261	7	47.23543	39.639183	2025-02-12 00:54:29.292		1	f	0	2025-02-12 03:19:13.876	\N
277	7	47.2052	39.654457	2025-02-12 02:33:35.296		1	f	0	2025-02-12 03:35:57.549	\N
327	1	47.235832	39.707592	2025-02-12 03:33:34.401		0	f	0	\N	\N
329	1	47.235	39.707893	2025-02-12 03:33:51.668		0	f	0	\N	\N
330	1	47.235336	39.70899	2025-02-12 03:34:05.238		0	f	0	\N	\N
333	8	47.24356	39.718067	2025-02-12 12:55:44.564		0	f	0	\N	\N
331	2	47.227497	39.614983	2025-02-12 09:59:34.977		1	f	0	2025-02-12 12:24:37.525	\N
332	8	47.233208	39.640793	2025-02-12 12:43:48.819		0	f	0	\N	\N
334	8	47.24098	39.720024	2025-02-12 12:55:56.51		0	f	0	\N	\N
335	1	47.223022	39.64327	2025-02-12 17:50:47.104		0	t	0	\N	\N
336	1	47.22267	39.64303	2025-02-12 17:51:30.575		0	t	0	\N	\N
337	1	47.223248	39.642673	2025-02-12 17:51:35.279		0	t	0	\N	\N
\.


--
-- Data for Name: confirmations; Type: TABLE DATA; Schema: public; Owner: neondbowner
--

COPY public.confirmations (id, checkpoint_id, user_id, created_at, is_rejection, last_vote_time) FROM stdin;
1	150	2	2025-02-09 22:32:22.743	f	2025-02-09 22:48:06.7106
2	150	4	2025-02-09 22:34:36.08	f	2025-02-09 22:48:06.7106
3	146	4	2025-02-09 22:34:50.676	f	2025-02-09 22:48:06.7106
4	147	4	2025-02-09 22:49:10.503	f	2025-02-09 22:49:10.503
5	148	4	2025-02-09 22:49:16.487	f	2025-02-09 22:49:16.487
6	149	2	2025-02-09 22:58:22.326	f	2025-02-09 22:58:22.326
7	149	1	2025-02-09 23:06:17.12	f	2025-02-09 23:06:17.12
8	148	1	2025-02-09 23:06:33.767	f	2025-02-09 23:06:33.767
9	147	1	2025-02-09 23:06:42.211	f	2025-02-09 23:06:42.211
10	150	1	2025-02-09 23:06:46.434	f	2025-02-09 23:06:46.434
11	152	5	2025-02-10 11:03:15.669	f	2025-02-10 11:03:15.669
12	153	5	2025-02-10 11:03:22.68	f	2025-02-10 11:03:22.68
13	179	6	2025-02-11 16:28:00.671	t	2025-02-11 16:28:00.671
14	177	6	2025-02-11 16:28:22.393	t	2025-02-11 16:28:22.393
15	178	6	2025-02-11 16:28:32.207	f	2025-02-11 16:28:32.207
18	178	7	2025-02-11 17:52:21.642	f	2025-02-11 17:52:21.642
16	179	7	2025-02-11 17:43:38.819	f	2025-02-11 18:14:48.256
19	183	7	2025-02-11 18:14:53.212	f	2025-02-11 18:14:53.212
17	177	7	2025-02-11 17:43:48.665	t	2025-02-11 18:57:44.391
20	184	1	2025-02-11 21:07:33.931	f	2025-02-11 21:07:33.931
21	192	8	2025-02-11 22:32:33.706	f	2025-02-11 22:32:33.706
22	187	8	2025-02-11 22:32:38.337	f	2025-02-11 22:32:38.337
23	193	8	2025-02-11 22:32:50.603	f	2025-02-11 22:32:50.603
24	195	1	2025-02-11 22:33:08.25	f	2025-02-11 22:33:08.25
25	197	1	2025-02-11 22:33:35.305	f	2025-02-11 22:33:35.305
26	220	8	2025-02-11 22:36:37.805	f	2025-02-11 22:36:37.805
27	210	1	2025-02-11 22:36:57.605	f	2025-02-11 22:36:57.605
28	218	1	2025-02-11 22:36:59.15	f	2025-02-11 22:36:59.15
29	246	1	2025-02-11 22:59:06.256	t	2025-02-11 22:59:06.256
30	249	1	2025-02-11 22:59:12.437	t	2025-02-11 22:59:12.437
31	219	1	2025-02-12 00:05:10.126	f	2025-02-12 00:41:15.624
32	263	1	2025-02-12 01:09:00.561	f	2025-02-12 01:09:00.561
33	265	1	2025-02-12 01:14:15.009	f	2025-02-12 01:14:37.331
35	189	7	2025-02-12 01:15:29.385	f	2025-02-12 01:15:29.385
36	273	7	2025-02-12 01:15:42.631	t	2025-02-12 01:15:42.631
37	219	7	2025-02-12 01:19:28.392	f	2025-02-12 01:19:28.392
38	219	1	2025-02-12 01:19:42.943	f	2025-02-12 01:19:42.943
39	219	1	2025-02-12 01:19:45.01	f	2025-02-12 01:19:45.01
40	219	1	2025-02-12 01:19:47.259	t	2025-02-12 01:19:47.259
41	219	1	2025-02-12 01:19:50.3	f	2025-02-12 01:19:50.3
42	219	1	2025-02-12 01:19:52.26	t	2025-02-12 01:19:52.26
43	262	1	2025-02-12 01:31:26.529	t	2025-02-12 01:31:26.529
44	262	1	2025-02-12 01:31:38.369	f	2025-02-12 01:31:38.369
45	262	1	2025-02-12 01:31:48.502	t	2025-02-12 01:31:48.502
46	262	1	2025-02-12 01:31:52.13	f	2025-02-12 01:31:52.13
47	262	1	2025-02-12 01:31:53.717	f	2025-02-12 01:31:53.717
48	219	1	2025-02-12 01:35:50.697	f	2025-02-12 01:35:50.697
49	219	1	2025-02-12 01:39:55.666	f	2025-02-12 01:39:55.666
50	219	1	2025-02-12 01:40:24.516	t	2025-02-12 01:40:24.516
51	264	1	2025-02-12 01:43:08.387	f	2025-02-12 01:43:08.387
52	219	1	2025-02-12 01:43:27.64	f	2025-02-12 01:43:27.64
53	264	1	2025-02-12 01:43:42.428	f	2025-02-12 01:43:42.428
54	219	1	2025-02-12 01:46:45.791	f	2025-02-12 01:46:45.791
55	263	1	2025-02-12 01:49:11.065	f	2025-02-12 01:49:11.065
56	263	1	2025-02-12 01:55:08.711	f	2025-02-12 01:55:08.711
57	263	1	2025-02-12 01:55:16.962	t	2025-02-12 01:55:16.962
34	266	7	2025-02-12 01:15:05.858	f	2025-02-12 02:33:40.39
58	275	7	2025-02-12 02:33:45.527	f	2025-02-12 02:33:45.527
59	271	7	2025-02-12 02:33:48.891	f	2025-02-12 02:33:48.891
60	276	1	2025-02-12 02:34:26.698	f	2025-02-12 02:34:26.698
61	276	1	2025-02-12 02:34:27.907	t	2025-02-12 02:34:27.907
62	276	1	2025-02-12 02:34:29.508	t	2025-02-12 02:34:29.508
63	276	1	2025-02-12 02:34:30.833	t	2025-02-12 02:34:30.833
64	276	1	2025-02-12 02:34:32.13	f	2025-02-12 02:34:32.13
65	265	1	2025-02-12 02:38:35.233	t	2025-02-12 02:38:35.233
66	265	1	2025-02-12 02:38:46.024	f	2025-02-12 02:38:46.024
67	261	1	2025-02-12 03:19:13.876	f	2025-02-12 03:19:13.876
68	277	1	2025-02-12 03:35:57.549	f	2025-02-12 03:35:57.549
69	279	1	2025-02-12 03:36:27.403	f	2025-02-12 03:36:27.403
70	278	1	2025-02-12 03:45:19.795	f	2025-02-12 03:45:19.795
71	331	1	2025-02-12 12:24:37.525	f	2025-02-12 12:24:37.525
\.


--
-- Data for Name: routes; Type: TABLE DATA; Schema: public; Owner: neondbowner
--

COPY public.routes (id, user_id, coordinates, created_at, active, verified) FROM stdin;
541	1	[[47.2103503,39.6026902],[47.2103503,39.6026902],[47.2103503,39.6026902],[47.2103503,39.6026902],[47.210375,39.6023501],[47.210375,39.6023501]]	2025-02-08 17:25:19.572	f	t
571	1	[[47.2103503,39.6026902],[47.2103503,39.6026902],[47.2103503,39.6026902],[47.2103503,39.6026902],[47.210375,39.6023501],[47.210375,39.6023501]]	2025-02-08 17:25:21.265	f	t
578	1	[[47.2103503,39.6026902],[47.2103503,39.6026902],[47.2103503,39.6026902],[47.2103503,39.6026902],[47.210375,39.6023501],[47.210375,39.6023501]]	2025-02-08 17:25:21.621	f	f
584	1	[[47.2103503,39.6026902],[47.2103503,39.6026902],[47.2103503,39.6026902],[47.2103503,39.6026902],[47.210375,39.6023501],[47.210375,39.6023501]]	2025-02-08 17:25:21.96	f	f
589	1	[[47.2103503,39.6026902],[47.2103503,39.6026902],[47.2103503,39.6026902],[47.2103503,39.6026902],[47.210375,39.6023501],[47.210375,39.6023501]]	2025-02-08 17:25:22.301	f	f
596	1	[[47.2103503,39.6026902],[47.2103503,39.6026902],[47.2103503,39.6026902],[47.2103503,39.6026902],[47.210375,39.6023501],[47.210375,39.6023501]]	2025-02-08 17:25:22.644	f	f
602	1	[[47.2103503,39.6026902],[47.2103503,39.6026902],[47.2103503,39.6026902],[47.2103503,39.6026902],[47.210375,39.6023501],[47.210375,39.6023501]]	2025-02-08 17:25:22.998	f	f
608	1	[[47.2103503,39.6026902],[47.2103503,39.6026902],[47.2103503,39.6026902],[47.2103503,39.6026902],[47.210375,39.6023501],[47.210375,39.6023501]]	2025-02-08 17:25:23.355	f	f
612	1	[[47.2103503,39.6026902],[47.2103503,39.6026902],[47.2103503,39.6026902],[47.2103503,39.6026902],[47.210375,39.6023501],[47.210375,39.6023501]]	2025-02-08 17:25:23.718	f	f
621	1	[[47.2103503,39.6026902],[47.2103503,39.6026902],[47.2103503,39.6026902],[47.2103503,39.6026902],[47.210375,39.6023501],[47.210375,39.6023501]]	2025-02-08 17:25:24.047	f	f
624	1	[[47.2103503,39.6026902],[47.2103503,39.6026902],[47.2103503,39.6026902],[47.2103503,39.6026902],[47.210375,39.6023501],[47.210375,39.6023501]]	2025-02-08 17:25:24.362	f	f
632	1	[[47.2103503,39.6026902],[47.2103503,39.6026902],[47.2103503,39.6026902],[47.2103503,39.6026902],[47.210375,39.6023501],[47.210375,39.6023501]]	2025-02-08 17:25:24.697	f	f
638	1	[[47.2103503,39.6026902],[47.2103503,39.6026902],[47.2103503,39.6026902],[47.2103503,39.6026902],[47.210375,39.6023501],[47.210375,39.6023501]]	2025-02-08 17:25:25.044	f	f
643	1	[[47.2103503,39.6026902],[47.2103503,39.6026902],[47.2103503,39.6026902],[47.2103503,39.6026902],[47.210375,39.6023501],[47.210375,39.6023501]]	2025-02-08 17:25:25.396	f	f
651	1	[[47.2103503,39.6026902],[47.2103503,39.6026902],[47.2103503,39.6026902],[47.2103503,39.6026902],[47.210375,39.6023501],[47.210375,39.6023501]]	2025-02-08 17:25:25.752	f	f
684	1	[[47.2103503,39.6026902],[47.2103503,39.6026902],[47.2103503,39.6026902],[47.2103503,39.6026902],[47.210375,39.6023501],[47.210375,39.6023501]]	2025-02-08 17:25:27.734	f	f
685	1	[[47.2103503,39.6026902],[47.2103503,39.6026902],[47.2103503,39.6026902],[47.2103503,39.6026902],[47.210375,39.6023501],[47.210375,39.6023501]]	2025-02-08 17:25:27.855	f	f
688	1	[[47.2103503,39.6026902],[47.2103503,39.6026902],[47.2103503,39.6026902],[47.2103503,39.6026902],[47.210375,39.6023501],[47.210375,39.6023501]]	2025-02-08 17:25:28.055	f	f
692	1	[[47.2103503,39.6026902],[47.2103503,39.6026902],[47.2103503,39.6026902],[47.2103503,39.6026902],[47.210375,39.6023501],[47.210375,39.6023501]]	2025-02-08 17:25:28.276	f	f
693	1	[[47.2103503,39.6026902],[47.2103503,39.6026902],[47.2103503,39.6026902],[47.2103503,39.6026902],[47.210375,39.6023501],[47.210375,39.6023501]]	2025-02-08 17:25:28.425	f	f
696	1	[[47.2103503,39.6026902],[47.2103503,39.6026902],[47.2103503,39.6026902],[47.2103503,39.6026902],[47.210375,39.6023501],[47.210375,39.6023501]]	2025-02-08 17:25:28.552	f	f
701	1	[[47.2103503,39.6026902],[47.2103503,39.6026902],[47.2103503,39.6026902],[47.2103503,39.6026902],[47.210375,39.6023501],[47.210375,39.6023501]]	2025-02-08 17:25:28.933	f	f
708	1	[[47.2103503,39.6026902],[47.2103503,39.6026902],[47.2103503,39.6026902],[47.2103503,39.6026902],[47.210375,39.6023501],[47.210375,39.6023501]]	2025-02-08 17:25:29.357	f	f
713	1	[[47.2103503,39.6026902],[47.2103503,39.6026902],[47.2103503,39.6026902],[47.2103503,39.6026902],[47.210375,39.6023501],[47.210375,39.6023501]]	2025-02-08 17:25:29.716	f	f
715	1	[[47.2103503,39.6026902],[47.2103503,39.6026902],[47.2103503,39.6026902],[47.2103503,39.6026902],[47.210375,39.6023501],[47.210375,39.6023501]]	2025-02-08 17:25:29.726	f	f
1	1	[[47.2103503,39.6026902],[47.2103503,39.6026902],[47.2103503,39.6026902],[47.2103503,39.6026902],[47.210375,39.6023501],[47.210375,39.6023501]]	2025-02-08 17:24:48.375	f	t
3	1	[[47.2103503,39.6026902],[47.2103503,39.6026902],[47.2103503,39.6026902],[47.2103503,39.6026902],[47.210375,39.6023501],[47.210375,39.6023501]]	2025-02-08 17:24:48.377	f	f
2	1	[[47.2103503,39.6026902],[47.2103503,39.6026902],[47.2103503,39.6026902],[47.2103503,39.6026902],[47.210375,39.6023501],[47.210375,39.6023501]]	2025-02-08 17:24:48.377	f	f
4	1	[[47.2103503,39.6026902],[47.2103503,39.6026902],[47.2103503,39.6026902],[47.2103503,39.6026902],[47.210375,39.6023501],[47.210375,39.6023501]]	2025-02-08 17:24:48.382	f	f
5	1	[[47.2103503,39.6026902],[47.2103503,39.6026902],[47.2103503,39.6026902],[47.2103503,39.6026902],[47.210375,39.6023501],[47.210375,39.6023501]]	2025-02-08 17:24:48.384	f	f
6	1	[[47.2103503,39.6026902],[47.2103503,39.6026902],[47.2103503,39.6026902],[47.2103503,39.6026902],[47.210375,39.6023501],[47.210375,39.6023501]]	2025-02-08 17:24:48.386	f	f
7	1	[[47.2103503,39.6026902],[47.2103503,39.6026902],[47.2103503,39.6026902],[47.2103503,39.6026902],[47.210375,39.6023501],[47.210375,39.6023501]]	2025-02-08 17:24:48.733	f	f
8	1	[[47.2103503,39.6026902],[47.2103503,39.6026902],[47.2103503,39.6026902],[47.2103503,39.6026902],[47.210375,39.6023501],[47.210375,39.6023501]]	2025-02-08 17:24:48.734	f	f
9	1	[[47.2103503,39.6026902],[47.2103503,39.6026902],[47.2103503,39.6026902],[47.2103503,39.6026902],[47.210375,39.6023501],[47.210375,39.6023501]]	2025-02-08 17:24:48.734	f	f
10	1	[[47.2103503,39.6026902],[47.2103503,39.6026902],[47.2103503,39.6026902],[47.2103503,39.6026902],[47.210375,39.6023501],[47.210375,39.6023501]]	2025-02-08 17:24:48.735	f	f
11	1	[[47.2103503,39.6026902],[47.2103503,39.6026902],[47.2103503,39.6026902],[47.2103503,39.6026902],[47.210375,39.6023501],[47.210375,39.6023501]]	2025-02-08 17:24:48.738	f	f
12	1	[[47.2103503,39.6026902],[47.2103503,39.6026902],[47.2103503,39.6026902],[47.2103503,39.6026902],[47.210375,39.6023501],[47.210375,39.6023501]]	2025-02-08 17:24:48.736	f	f
13	1	[[47.2103503,39.6026902],[47.2103503,39.6026902],[47.2103503,39.6026902],[47.2103503,39.6026902],[47.210375,39.6023501],[47.210375,39.6023501]]	2025-02-08 17:24:49.071	f	f
14	1	[[47.2103503,39.6026902],[47.2103503,39.6026902],[47.2103503,39.6026902],[47.2103503,39.6026902],[47.210375,39.6023501],[47.210375,39.6023501]]	2025-02-08 17:24:49.072	f	f
15	1	[[47.2103503,39.6026902],[47.2103503,39.6026902],[47.2103503,39.6026902],[47.2103503,39.6026902],[47.210375,39.6023501],[47.210375,39.6023501]]	2025-02-08 17:24:49.073	f	f
16	1	[[47.2103503,39.6026902],[47.2103503,39.6026902],[47.2103503,39.6026902],[47.2103503,39.6026902],[47.210375,39.6023501],[47.210375,39.6023501]]	2025-02-08 17:24:49.074	f	f
17	1	[[47.2103503,39.6026902],[47.2103503,39.6026902],[47.2103503,39.6026902],[47.2103503,39.6026902],[47.210375,39.6023501],[47.210375,39.6023501]]	2025-02-08 17:24:49.074	f	f
18	1	[[47.2103503,39.6026902],[47.2103503,39.6026902],[47.2103503,39.6026902],[47.2103503,39.6026902],[47.210375,39.6023501],[47.210375,39.6023501]]	2025-02-08 17:24:49.076	f	f
19	1	[[47.2103503,39.6026902],[47.2103503,39.6026902],[47.2103503,39.6026902],[47.2103503,39.6026902],[47.210375,39.6023501],[47.210375,39.6023501]]	2025-02-08 17:24:49.396	f	f
20	1	[[47.2103503,39.6026902],[47.2103503,39.6026902],[47.2103503,39.6026902],[47.2103503,39.6026902],[47.210375,39.6023501],[47.210375,39.6023501]]	2025-02-08 17:24:49.397	f	f
21	1	[[47.2103503,39.6026902],[47.2103503,39.6026902],[47.2103503,39.6026902],[47.2103503,39.6026902],[47.210375,39.6023501],[47.210375,39.6023501]]	2025-02-08 17:24:49.405	f	f
22	1	[[47.2103503,39.6026902],[47.2103503,39.6026902],[47.2103503,39.6026902],[47.2103503,39.6026902],[47.210375,39.6023501],[47.210375,39.6023501]]	2025-02-08 17:24:49.415	f	f
23	1	[[47.2103503,39.6026902],[47.2103503,39.6026902],[47.2103503,39.6026902],[47.2103503,39.6026902],[47.210375,39.6023501],[47.210375,39.6023501]]	2025-02-08 17:24:49.416	f	f
24	1	[[47.2103503,39.6026902],[47.2103503,39.6026902],[47.2103503,39.6026902],[47.2103503,39.6026902],[47.210375,39.6023501],[47.210375,39.6023501]]	2025-02-08 17:24:49.418	f	f
25	1	[[47.2103503,39.6026902],[47.2103503,39.6026902],[47.2103503,39.6026902],[47.2103503,39.6026902],[47.210375,39.6023501],[47.210375,39.6023501]]	2025-02-08 17:24:49.736	f	f
26	1	[[47.2103503,39.6026902],[47.2103503,39.6026902],[47.2103503,39.6026902],[47.2103503,39.6026902],[47.210375,39.6023501],[47.210375,39.6023501]]	2025-02-08 17:24:49.736	f	f
27	1	[[47.2103503,39.6026902],[47.2103503,39.6026902],[47.2103503,39.6026902],[47.2103503,39.6026902],[47.210375,39.6023501],[47.210375,39.6023501]]	2025-02-08 17:24:49.737	f	f
28	1	[[47.2103503,39.6026902],[47.2103503,39.6026902],[47.2103503,39.6026902],[47.2103503,39.6026902],[47.210375,39.6023501],[47.210375,39.6023501]]	2025-02-08 17:24:49.741	f	f
29	1	[[47.2103503,39.6026902],[47.2103503,39.6026902],[47.2103503,39.6026902],[47.2103503,39.6026902],[47.210375,39.6023501],[47.210375,39.6023501]]	2025-02-08 17:24:49.742	f	f
30	1	[[47.2103503,39.6026902],[47.2103503,39.6026902],[47.2103503,39.6026902],[47.2103503,39.6026902],[47.210375,39.6023501],[47.210375,39.6023501]]	2025-02-08 17:24:49.749	f	f
31	1	[[47.2103503,39.6026902],[47.2103503,39.6026902],[47.2103503,39.6026902],[47.2103503,39.6026902],[47.210375,39.6023501],[47.210375,39.6023501]]	2025-02-08 17:24:50.061	f	f
32	1	[[47.2103503,39.6026902],[47.2103503,39.6026902],[47.2103503,39.6026902],[47.2103503,39.6026902],[47.210375,39.6023501],[47.210375,39.6023501]]	2025-02-08 17:24:50.063	f	f
33	1	[[47.2103503,39.6026902],[47.2103503,39.6026902],[47.2103503,39.6026902],[47.2103503,39.6026902],[47.210375,39.6023501],[47.210375,39.6023501]]	2025-02-08 17:24:50.069	f	f
34	1	[[47.2103503,39.6026902],[47.2103503,39.6026902],[47.2103503,39.6026902],[47.2103503,39.6026902],[47.210375,39.6023501],[47.210375,39.6023501]]	2025-02-08 17:24:50.07	f	f
35	1	[[47.2103503,39.6026902],[47.2103503,39.6026902],[47.2103503,39.6026902],[47.2103503,39.6026902],[47.210375,39.6023501],[47.210375,39.6023501]]	2025-02-08 17:24:50.078	f	f
36	1	[[47.2103503,39.6026902],[47.2103503,39.6026902],[47.2103503,39.6026902],[47.2103503,39.6026902],[47.210375,39.6023501],[47.210375,39.6023501]]	2025-02-08 17:24:50.095	f	f
37	1	[[47.2103503,39.6026902],[47.2103503,39.6026902],[47.2103503,39.6026902],[47.2103503,39.6026902],[47.210375,39.6023501],[47.210375,39.6023501]]	2025-02-08 17:24:50.41	f	f
38	1	[[47.2103503,39.6026902],[47.2103503,39.6026902],[47.2103503,39.6026902],[47.2103503,39.6026902],[47.210375,39.6023501],[47.210375,39.6023501]]	2025-02-08 17:24:50.411	f	f
39	1	[[47.2103503,39.6026902],[47.2103503,39.6026902],[47.2103503,39.6026902],[47.2103503,39.6026902],[47.210375,39.6023501],[47.210375,39.6023501]]	2025-02-08 17:24:50.411	f	f
40	1	[[47.2103503,39.6026902],[47.2103503,39.6026902],[47.2103503,39.6026902],[47.2103503,39.6026902],[47.210375,39.6023501],[47.210375,39.6023501]]	2025-02-08 17:24:50.412	f	f
41	1	[[47.2103503,39.6026902],[47.2103503,39.6026902],[47.2103503,39.6026902],[47.2103503,39.6026902],[47.210375,39.6023501],[47.210375,39.6023501]]	2025-02-08 17:24:50.412	f	f
45	1	[[47.2103503,39.6026902],[47.2103503,39.6026902],[47.2103503,39.6026902],[47.2103503,39.6026902],[47.210375,39.6023501],[47.210375,39.6023501]]	2025-02-08 17:24:50.786	f	f
51	1	[[47.2103503,39.6026902],[47.2103503,39.6026902],[47.2103503,39.6026902],[47.2103503,39.6026902],[47.210375,39.6023501],[47.210375,39.6023501]]	2025-02-08 17:24:51.136	f	f
59	1	[[47.2103503,39.6026902],[47.2103503,39.6026902],[47.2103503,39.6026902],[47.2103503,39.6026902],[47.210375,39.6023501],[47.210375,39.6023501]]	2025-02-08 17:24:51.481	f	f
61	1	[[47.2103503,39.6026902],[47.2103503,39.6026902],[47.2103503,39.6026902],[47.2103503,39.6026902],[47.210375,39.6023501],[47.210375,39.6023501]]	2025-02-08 17:24:51.829	f	f
72	1	[[47.2103503,39.6026902],[47.2103503,39.6026902],[47.2103503,39.6026902],[47.2103503,39.6026902],[47.210375,39.6023501],[47.210375,39.6023501]]	2025-02-08 17:24:52.179	f	f
73	1	[[47.2103503,39.6026902],[47.2103503,39.6026902],[47.2103503,39.6026902],[47.2103503,39.6026902],[47.210375,39.6023501],[47.210375,39.6023501]]	2025-02-08 17:24:52.509	f	f
83	1	[[47.2103503,39.6026902],[47.2103503,39.6026902],[47.2103503,39.6026902],[47.2103503,39.6026902],[47.210375,39.6023501],[47.210375,39.6023501]]	2025-02-08 17:24:52.857	f	f
86	1	[[47.2103503,39.6026902],[47.2103503,39.6026902],[47.2103503,39.6026902],[47.2103503,39.6026902],[47.210375,39.6023501],[47.210375,39.6023501]]	2025-02-08 17:24:53.198	f	f
118	1	[[47.2103503,39.6026902],[47.2103503,39.6026902],[47.2103503,39.6026902],[47.2103503,39.6026902],[47.210375,39.6023501],[47.210375,39.6023501]]	2025-02-08 17:24:54.949	f	f
119	1	[[47.2103503,39.6026902],[47.2103503,39.6026902],[47.2103503,39.6026902],[47.2103503,39.6026902],[47.210375,39.6023501],[47.210375,39.6023501]]	2025-02-08 17:24:55.286	f	f
127	1	[[47.2103503,39.6026902],[47.2103503,39.6026902],[47.2103503,39.6026902],[47.2103503,39.6026902],[47.210375,39.6023501],[47.210375,39.6023501]]	2025-02-08 17:24:55.62	f	f
135	1	[[47.2103503,39.6026902],[47.2103503,39.6026902],[47.2103503,39.6026902],[47.2103503,39.6026902],[47.210375,39.6023501],[47.210375,39.6023501]]	2025-02-08 17:24:55.956	f	f
138	1	[[47.2103503,39.6026902],[47.2103503,39.6026902],[47.2103503,39.6026902],[47.2103503,39.6026902],[47.210375,39.6023501],[47.210375,39.6023501]]	2025-02-08 17:24:56.309	f	f
148	1	[[47.2103503,39.6026902],[47.2103503,39.6026902],[47.2103503,39.6026902],[47.2103503,39.6026902],[47.210375,39.6023501],[47.210375,39.6023501]]	2025-02-08 17:24:56.671	f	f
149	1	[[47.2103503,39.6026902],[47.2103503,39.6026902],[47.2103503,39.6026902],[47.2103503,39.6026902],[47.210375,39.6023501],[47.210375,39.6023501]]	2025-02-08 17:24:57	f	f
160	1	[[47.2103503,39.6026902],[47.2103503,39.6026902],[47.2103503,39.6026902],[47.2103503,39.6026902],[47.210375,39.6023501],[47.210375,39.6023501]]	2025-02-08 17:24:57.353	f	f
163	1	[[47.2103503,39.6026902],[47.2103503,39.6026902],[47.2103503,39.6026902],[47.2103503,39.6026902],[47.210375,39.6023501],[47.210375,39.6023501]]	2025-02-08 17:24:57.68	f	f
170	1	[[47.2103503,39.6026902],[47.2103503,39.6026902],[47.2103503,39.6026902],[47.2103503,39.6026902],[47.210375,39.6023501],[47.210375,39.6023501]]	2025-02-08 17:24:58.029	f	f
174	1	[[47.2103503,39.6026902],[47.2103503,39.6026902],[47.2103503,39.6026902],[47.2103503,39.6026902],[47.210375,39.6023501],[47.210375,39.6023501]]	2025-02-08 17:24:58.395	f	f
184	1	[[47.2103503,39.6026902],[47.2103503,39.6026902],[47.2103503,39.6026902],[47.2103503,39.6026902],[47.210375,39.6023501],[47.210375,39.6023501]]	2025-02-08 17:24:58.726	f	f
185	1	[[47.2103503,39.6026902],[47.2103503,39.6026902],[47.2103503,39.6026902],[47.2103503,39.6026902],[47.210375,39.6023501],[47.210375,39.6023501]]	2025-02-08 17:24:59.074	f	f
195	1	[[47.2103503,39.6026902],[47.2103503,39.6026902],[47.2103503,39.6026902],[47.2103503,39.6026902],[47.210375,39.6023501],[47.210375,39.6023501]]	2025-02-08 17:24:59.439	f	f
198	1	[[47.2103503,39.6026902],[47.2103503,39.6026902],[47.2103503,39.6026902],[47.2103503,39.6026902],[47.210375,39.6023501],[47.210375,39.6023501]]	2025-02-08 17:24:59.762	f	f
207	1	[[47.2103503,39.6026902],[47.2103503,39.6026902],[47.2103503,39.6026902],[47.2103503,39.6026902],[47.210375,39.6023501],[47.210375,39.6023501]]	2025-02-08 17:25:00.091	f	f
211	1	[[47.2103503,39.6026902],[47.2103503,39.6026902],[47.2103503,39.6026902],[47.2103503,39.6026902],[47.210375,39.6023501],[47.210375,39.6023501]]	2025-02-08 17:25:00.429	f	f
219	1	[[47.2103503,39.6026902],[47.2103503,39.6026902],[47.2103503,39.6026902],[47.2103503,39.6026902],[47.210375,39.6023501],[47.210375,39.6023501]]	2025-02-08 17:25:00.774	f	f
224	1	[[47.2103503,39.6026902],[47.2103503,39.6026902],[47.2103503,39.6026902],[47.2103503,39.6026902],[47.210375,39.6023501],[47.210375,39.6023501]]	2025-02-08 17:25:01.124	f	f
229	1	[[47.2103503,39.6026902],[47.2103503,39.6026902],[47.2103503,39.6026902],[47.2103503,39.6026902],[47.210375,39.6023501],[47.210375,39.6023501]]	2025-02-08 17:25:01.465	f	f
236	1	[[47.2103503,39.6026902],[47.2103503,39.6026902],[47.2103503,39.6026902],[47.2103503,39.6026902],[47.210375,39.6023501],[47.210375,39.6023501]]	2025-02-08 17:25:01.81	f	f
239	1	[[47.2103503,39.6026902],[47.2103503,39.6026902],[47.2103503,39.6026902],[47.2103503,39.6026902],[47.210375,39.6023501],[47.210375,39.6023501]]	2025-02-08 17:25:02.167	f	f
243	1	[[47.2103503,39.6026902],[47.2103503,39.6026902],[47.2103503,39.6026902],[47.2103503,39.6026902],[47.210375,39.6023501],[47.210375,39.6023501]]	2025-02-08 17:25:02.505	f	f
250	1	[[47.2103503,39.6026902],[47.2103503,39.6026902],[47.2103503,39.6026902],[47.2103503,39.6026902],[47.210375,39.6023501],[47.210375,39.6023501]]	2025-02-08 17:25:02.843	f	f
252	1	[[47.2103503,39.6026902],[47.2103503,39.6026902],[47.2103503,39.6026902],[47.2103503,39.6026902],[47.210375,39.6023501],[47.210375,39.6023501]]	2025-02-08 17:25:02.981	f	f
253	1	[[47.2103503,39.6026902],[47.2103503,39.6026902],[47.2103503,39.6026902],[47.2103503,39.6026902],[47.210375,39.6023501],[47.210375,39.6023501]]	2025-02-08 17:25:03.163	f	f
264	1	[[47.2103503,39.6026902],[47.2103503,39.6026902],[47.2103503,39.6026902],[47.2103503,39.6026902],[47.210375,39.6023501],[47.210375,39.6023501]]	2025-02-08 17:25:03.623	f	f
266	1	[[47.2103503,39.6026902],[47.2103503,39.6026902],[47.2103503,39.6026902],[47.2103503,39.6026902],[47.210375,39.6023501],[47.210375,39.6023501]]	2025-02-08 17:25:03.869	f	f
276	1	[[47.2103503,39.6026902],[47.2103503,39.6026902],[47.2103503,39.6026902],[47.2103503,39.6026902],[47.210375,39.6023501],[47.210375,39.6023501]]	2025-02-08 17:25:04.305	f	f
278	1	[[47.2103503,39.6026902],[47.2103503,39.6026902],[47.2103503,39.6026902],[47.2103503,39.6026902],[47.210375,39.6023501],[47.210375,39.6023501]]	2025-02-08 17:25:04.513	f	f
282	1	[[47.2103503,39.6026902],[47.2103503,39.6026902],[47.2103503,39.6026902],[47.2103503,39.6026902],[47.210375,39.6023501],[47.210375,39.6023501]]	2025-02-08 17:25:04.628	f	f
42	1	[[47.2103503,39.6026902],[47.2103503,39.6026902],[47.2103503,39.6026902],[47.2103503,39.6026902],[47.210375,39.6023501],[47.210375,39.6023501]]	2025-02-08 17:24:50.413	f	f
43	1	[[47.2103503,39.6026902],[47.2103503,39.6026902],[47.2103503,39.6026902],[47.2103503,39.6026902],[47.210375,39.6023501],[47.210375,39.6023501]]	2025-02-08 17:24:50.785	f	f
54	1	[[47.2103503,39.6026902],[47.2103503,39.6026902],[47.2103503,39.6026902],[47.2103503,39.6026902],[47.210375,39.6023501],[47.210375,39.6023501]]	2025-02-08 17:24:51.138	f	f
55	1	[[47.2103503,39.6026902],[47.2103503,39.6026902],[47.2103503,39.6026902],[47.2103503,39.6026902],[47.210375,39.6023501],[47.210375,39.6023501]]	2025-02-08 17:24:51.477	f	f
66	1	[[47.2103503,39.6026902],[47.2103503,39.6026902],[47.2103503,39.6026902],[47.2103503,39.6026902],[47.210375,39.6023501],[47.210375,39.6023501]]	2025-02-08 17:24:51.848	f	f
67	1	[[47.2103503,39.6026902],[47.2103503,39.6026902],[47.2103503,39.6026902],[47.2103503,39.6026902],[47.210375,39.6023501],[47.210375,39.6023501]]	2025-02-08 17:24:52.17	f	f
78	1	[[47.2103503,39.6026902],[47.2103503,39.6026902],[47.2103503,39.6026902],[47.2103503,39.6026902],[47.210375,39.6023501],[47.210375,39.6023501]]	2025-02-08 17:24:52.526	f	f
79	1	[[47.2103503,39.6026902],[47.2103503,39.6026902],[47.2103503,39.6026902],[47.2103503,39.6026902],[47.210375,39.6023501],[47.210375,39.6023501]]	2025-02-08 17:24:52.851	f	f
90	1	[[47.2103503,39.6026902],[47.2103503,39.6026902],[47.2103503,39.6026902],[47.2103503,39.6026902],[47.210375,39.6023501],[47.210375,39.6023501]]	2025-02-08 17:24:53.547	f	f
100	1	[[47.2103503,39.6026902],[47.2103503,39.6026902],[47.2103503,39.6026902],[47.2103503,39.6026902],[47.210375,39.6023501],[47.210375,39.6023501]]	2025-02-08 17:24:53.922	f	f
104	1	[[47.2103503,39.6026902],[47.2103503,39.6026902],[47.2103503,39.6026902],[47.2103503,39.6026902],[47.210375,39.6023501],[47.210375,39.6023501]]	2025-02-08 17:24:54.25	f	f
110	1	[[47.2103503,39.6026902],[47.2103503,39.6026902],[47.2103503,39.6026902],[47.2103503,39.6026902],[47.210375,39.6023501],[47.210375,39.6023501]]	2025-02-08 17:24:54.603	f	f
113	1	[[47.2103503,39.6026902],[47.2103503,39.6026902],[47.2103503,39.6026902],[47.2103503,39.6026902],[47.210375,39.6023501],[47.210375,39.6023501]]	2025-02-08 17:24:54.94	f	f
122	1	[[47.2103503,39.6026902],[47.2103503,39.6026902],[47.2103503,39.6026902],[47.2103503,39.6026902],[47.210375,39.6023501],[47.210375,39.6023501]]	2025-02-08 17:24:55.288	f	f
128	1	[[47.2103503,39.6026902],[47.2103503,39.6026902],[47.2103503,39.6026902],[47.2103503,39.6026902],[47.210375,39.6023501],[47.210375,39.6023501]]	2025-02-08 17:24:55.62	f	f
132	1	[[47.2103503,39.6026902],[47.2103503,39.6026902],[47.2103503,39.6026902],[47.2103503,39.6026902],[47.210375,39.6023501],[47.210375,39.6023501]]	2025-02-08 17:24:55.955	f	f
140	1	[[47.2103503,39.6026902],[47.2103503,39.6026902],[47.2103503,39.6026902],[47.2103503,39.6026902],[47.210375,39.6023501],[47.210375,39.6023501]]	2025-02-08 17:24:56.312	f	f
144	1	[[47.2103503,39.6026902],[47.2103503,39.6026902],[47.2103503,39.6026902],[47.2103503,39.6026902],[47.210375,39.6023501],[47.210375,39.6023501]]	2025-02-08 17:24:56.669	f	f
150	1	[[47.2103503,39.6026902],[47.2103503,39.6026902],[47.2103503,39.6026902],[47.2103503,39.6026902],[47.210375,39.6023501],[47.210375,39.6023501]]	2025-02-08 17:24:57.019	f	f
159	1	[[47.2103503,39.6026902],[47.2103503,39.6026902],[47.2103503,39.6026902],[47.2103503,39.6026902],[47.210375,39.6023501],[47.210375,39.6023501]]	2025-02-08 17:24:57.351	f	f
161	1	[[47.2103503,39.6026902],[47.2103503,39.6026902],[47.2103503,39.6026902],[47.2103503,39.6026902],[47.210375,39.6023501],[47.210375,39.6023501]]	2025-02-08 17:24:57.679	f	f
172	1	[[47.2103503,39.6026902],[47.2103503,39.6026902],[47.2103503,39.6026902],[47.2103503,39.6026902],[47.210375,39.6023501],[47.210375,39.6023501]]	2025-02-08 17:24:58.03	f	f
173	1	[[47.2103503,39.6026902],[47.2103503,39.6026902],[47.2103503,39.6026902],[47.2103503,39.6026902],[47.210375,39.6023501],[47.210375,39.6023501]]	2025-02-08 17:24:58.393	f	f
183	1	[[47.2103503,39.6026902],[47.2103503,39.6026902],[47.2103503,39.6026902],[47.2103503,39.6026902],[47.210375,39.6023501],[47.210375,39.6023501]]	2025-02-08 17:24:58.725	f	f
187	1	[[47.2103503,39.6026902],[47.2103503,39.6026902],[47.2103503,39.6026902],[47.2103503,39.6026902],[47.210375,39.6023501],[47.210375,39.6023501]]	2025-02-08 17:24:59.083	f	f
194	1	[[47.2103503,39.6026902],[47.2103503,39.6026902],[47.2103503,39.6026902],[47.2103503,39.6026902],[47.210375,39.6023501],[47.210375,39.6023501]]	2025-02-08 17:24:59.438	f	f
199	1	[[47.2103503,39.6026902],[47.2103503,39.6026902],[47.2103503,39.6026902],[47.2103503,39.6026902],[47.210375,39.6023501],[47.210375,39.6023501]]	2025-02-08 17:24:59.764	f	f
205	1	[[47.2103503,39.6026902],[47.2103503,39.6026902],[47.2103503,39.6026902],[47.2103503,39.6026902],[47.210375,39.6023501],[47.210375,39.6023501]]	2025-02-08 17:25:00.09	f	f
213	1	[[47.2103503,39.6026902],[47.2103503,39.6026902],[47.2103503,39.6026902],[47.2103503,39.6026902],[47.210375,39.6023501],[47.210375,39.6023501]]	2025-02-08 17:25:00.431	f	f
215	1	[[47.2103503,39.6026902],[47.2103503,39.6026902],[47.2103503,39.6026902],[47.2103503,39.6026902],[47.210375,39.6023501],[47.210375,39.6023501]]	2025-02-08 17:25:00.77	f	f
225	1	[[47.2103503,39.6026902],[47.2103503,39.6026902],[47.2103503,39.6026902],[47.2103503,39.6026902],[47.210375,39.6023501],[47.210375,39.6023501]]	2025-02-08 17:25:01.132	f	f
228	1	[[47.2103503,39.6026902],[47.2103503,39.6026902],[47.2103503,39.6026902],[47.2103503,39.6026902],[47.210375,39.6023501],[47.210375,39.6023501]]	2025-02-08 17:25:01.464	f	f
235	1	[[47.2103503,39.6026902],[47.2103503,39.6026902],[47.2103503,39.6026902],[47.2103503,39.6026902],[47.210375,39.6023501],[47.210375,39.6023501]]	2025-02-08 17:25:01.809	f	f
240	1	[[47.2103503,39.6026902],[47.2103503,39.6026902],[47.2103503,39.6026902],[47.2103503,39.6026902],[47.210375,39.6023501],[47.210375,39.6023501]]	2025-02-08 17:25:02.168	f	f
245	1	[[47.2103503,39.6026902],[47.2103503,39.6026902],[47.2103503,39.6026902],[47.2103503,39.6026902],[47.210375,39.6023501],[47.210375,39.6023501]]	2025-02-08 17:25:02.514	f	f
248	1	[[47.2103503,39.6026902],[47.2103503,39.6026902],[47.2103503,39.6026902],[47.2103503,39.6026902],[47.210375,39.6023501],[47.210375,39.6023501]]	2025-02-08 17:25:02.841	f	f
254	1	[[47.2103503,39.6026902],[47.2103503,39.6026902],[47.2103503,39.6026902],[47.2103503,39.6026902],[47.210375,39.6023501],[47.210375,39.6023501]]	2025-02-08 17:25:03.164	f	f
261	1	[[47.2103503,39.6026902],[47.2103503,39.6026902],[47.2103503,39.6026902],[47.2103503,39.6026902],[47.210375,39.6023501],[47.210375,39.6023501]]	2025-02-08 17:25:03.512	f	f
267	1	[[47.2103503,39.6026902],[47.2103503,39.6026902],[47.2103503,39.6026902],[47.2103503,39.6026902],[47.210375,39.6023501],[47.210375,39.6023501]]	2025-02-08 17:25:03.872	f	f
273	1	[[47.2103503,39.6026902],[47.2103503,39.6026902],[47.2103503,39.6026902],[47.2103503,39.6026902],[47.210375,39.6023501],[47.210375,39.6023501]]	2025-02-08 17:25:04.205	f	f
44	1	[[47.2103503,39.6026902],[47.2103503,39.6026902],[47.2103503,39.6026902],[47.2103503,39.6026902],[47.210375,39.6023501],[47.210375,39.6023501]]	2025-02-08 17:24:50.786	f	f
50	1	[[47.2103503,39.6026902],[47.2103503,39.6026902],[47.2103503,39.6026902],[47.2103503,39.6026902],[47.210375,39.6023501],[47.210375,39.6023501]]	2025-02-08 17:24:51.136	f	f
60	1	[[47.2103503,39.6026902],[47.2103503,39.6026902],[47.2103503,39.6026902],[47.2103503,39.6026902],[47.210375,39.6023501],[47.210375,39.6023501]]	2025-02-08 17:24:51.482	f	f
62	1	[[47.2103503,39.6026902],[47.2103503,39.6026902],[47.2103503,39.6026902],[47.2103503,39.6026902],[47.210375,39.6023501],[47.210375,39.6023501]]	2025-02-08 17:24:51.83	f	f
70	1	[[47.2103503,39.6026902],[47.2103503,39.6026902],[47.2103503,39.6026902],[47.2103503,39.6026902],[47.210375,39.6023501],[47.210375,39.6023501]]	2025-02-08 17:24:52.176	f	f
77	1	[[47.2103503,39.6026902],[47.2103503,39.6026902],[47.2103503,39.6026902],[47.2103503,39.6026902],[47.210375,39.6023501],[47.210375,39.6023501]]	2025-02-08 17:24:52.526	f	f
81	1	[[47.2103503,39.6026902],[47.2103503,39.6026902],[47.2103503,39.6026902],[47.2103503,39.6026902],[47.210375,39.6023501],[47.210375,39.6023501]]	2025-02-08 17:24:52.853	f	f
85	1	[[47.2103503,39.6026902],[47.2103503,39.6026902],[47.2103503,39.6026902],[47.2103503,39.6026902],[47.210375,39.6023501],[47.210375,39.6023501]]	2025-02-08 17:24:53.197	f	f
92	1	[[47.2103503,39.6026902],[47.2103503,39.6026902],[47.2103503,39.6026902],[47.2103503,39.6026902],[47.210375,39.6023501],[47.210375,39.6023501]]	2025-02-08 17:24:53.555	f	f
96	1	[[47.2103503,39.6026902],[47.2103503,39.6026902],[47.2103503,39.6026902],[47.2103503,39.6026902],[47.210375,39.6023501],[47.210375,39.6023501]]	2025-02-08 17:24:53.913	f	f
105	1	[[47.2103503,39.6026902],[47.2103503,39.6026902],[47.2103503,39.6026902],[47.2103503,39.6026902],[47.210375,39.6023501],[47.210375,39.6023501]]	2025-02-08 17:24:54.252	f	f
109	1	[[47.2103503,39.6026902],[47.2103503,39.6026902],[47.2103503,39.6026902],[47.2103503,39.6026902],[47.210375,39.6023501],[47.210375,39.6023501]]	2025-02-08 17:24:54.603	f	f
116	1	[[47.2103503,39.6026902],[47.2103503,39.6026902],[47.2103503,39.6026902],[47.2103503,39.6026902],[47.210375,39.6023501],[47.210375,39.6023501]]	2025-02-08 17:24:54.942	f	f
120	1	[[47.2103503,39.6026902],[47.2103503,39.6026902],[47.2103503,39.6026902],[47.2103503,39.6026902],[47.210375,39.6023501],[47.210375,39.6023501]]	2025-02-08 17:24:55.287	f	f
130	1	[[47.2103503,39.6026902],[47.2103503,39.6026902],[47.2103503,39.6026902],[47.2103503,39.6026902],[47.210375,39.6023501],[47.210375,39.6023501]]	2025-02-08 17:24:55.622	f	f
131	1	[[47.2103503,39.6026902],[47.2103503,39.6026902],[47.2103503,39.6026902],[47.2103503,39.6026902],[47.210375,39.6023501],[47.210375,39.6023501]]	2025-02-08 17:24:55.954	f	f
142	1	[[47.2103503,39.6026902],[47.2103503,39.6026902],[47.2103503,39.6026902],[47.2103503,39.6026902],[47.210375,39.6023501],[47.210375,39.6023501]]	2025-02-08 17:24:56.313	f	f
143	1	[[47.2103503,39.6026902],[47.2103503,39.6026902],[47.2103503,39.6026902],[47.2103503,39.6026902],[47.210375,39.6023501],[47.210375,39.6023501]]	2025-02-08 17:24:56.668	f	f
153	1	[[47.2103503,39.6026902],[47.2103503,39.6026902],[47.2103503,39.6026902],[47.2103503,39.6026902],[47.210375,39.6023501],[47.210375,39.6023501]]	2025-02-08 17:24:57.021	f	f
156	1	[[47.2103503,39.6026902],[47.2103503,39.6026902],[47.2103503,39.6026902],[47.2103503,39.6026902],[47.210375,39.6023501],[47.210375,39.6023501]]	2025-02-08 17:24:57.344	f	f
165	1	[[47.2103503,39.6026902],[47.2103503,39.6026902],[47.2103503,39.6026902],[47.2103503,39.6026902],[47.210375,39.6023501],[47.210375,39.6023501]]	2025-02-08 17:24:57.681	f	f
168	1	[[47.2103503,39.6026902],[47.2103503,39.6026902],[47.2103503,39.6026902],[47.2103503,39.6026902],[47.210375,39.6023501],[47.210375,39.6023501]]	2025-02-08 17:24:58.028	f	f
177	1	[[47.2103503,39.6026902],[47.2103503,39.6026902],[47.2103503,39.6026902],[47.2103503,39.6026902],[47.210375,39.6023501],[47.210375,39.6023501]]	2025-02-08 17:24:58.396	f	f
179	1	[[47.2103503,39.6026902],[47.2103503,39.6026902],[47.2103503,39.6026902],[47.2103503,39.6026902],[47.210375,39.6023501],[47.210375,39.6023501]]	2025-02-08 17:24:58.723	f	f
189	1	[[47.2103503,39.6026902],[47.2103503,39.6026902],[47.2103503,39.6026902],[47.2103503,39.6026902],[47.210375,39.6023501],[47.210375,39.6023501]]	2025-02-08 17:24:59.088	f	f
191	1	[[47.2103503,39.6026902],[47.2103503,39.6026902],[47.2103503,39.6026902],[47.2103503,39.6026902],[47.210375,39.6023501],[47.210375,39.6023501]]	2025-02-08 17:24:59.416	f	f
202	1	[[47.2103503,39.6026902],[47.2103503,39.6026902],[47.2103503,39.6026902],[47.2103503,39.6026902],[47.210375,39.6023501],[47.210375,39.6023501]]	2025-02-08 17:24:59.77	f	f
203	1	[[47.2103503,39.6026902],[47.2103503,39.6026902],[47.2103503,39.6026902],[47.2103503,39.6026902],[47.210375,39.6023501],[47.210375,39.6023501]]	2025-02-08 17:25:00.072	f	f
214	1	[[47.2103503,39.6026902],[47.2103503,39.6026902],[47.2103503,39.6026902],[47.2103503,39.6026902],[47.210375,39.6023501],[47.210375,39.6023501]]	2025-02-08 17:25:00.431	f	f
216	1	[[47.2103503,39.6026902],[47.2103503,39.6026902],[47.2103503,39.6026902],[47.2103503,39.6026902],[47.210375,39.6023501],[47.210375,39.6023501]]	2025-02-08 17:25:00.771	f	f
226	1	[[47.2103503,39.6026902],[47.2103503,39.6026902],[47.2103503,39.6026902],[47.2103503,39.6026902],[47.210375,39.6023501],[47.210375,39.6023501]]	2025-02-08 17:25:01.133	f	f
227	1	[[47.2103503,39.6026902],[47.2103503,39.6026902],[47.2103503,39.6026902],[47.2103503,39.6026902],[47.210375,39.6023501],[47.210375,39.6023501]]	2025-02-08 17:25:01.463	f	f
237	1	[[47.2103503,39.6026902],[47.2103503,39.6026902],[47.2103503,39.6026902],[47.2103503,39.6026902],[47.210375,39.6023501],[47.210375,39.6023501]]	2025-02-08 17:25:01.811	f	f
242	1	[[47.2103503,39.6026902],[47.2103503,39.6026902],[47.2103503,39.6026902],[47.2103503,39.6026902],[47.210375,39.6023501],[47.210375,39.6023501]]	2025-02-08 17:25:02.487	f	f
249	1	[[47.2103503,39.6026902],[47.2103503,39.6026902],[47.2103503,39.6026902],[47.2103503,39.6026902],[47.210375,39.6023501],[47.210375,39.6023501]]	2025-02-08 17:25:02.843	f	f
255	1	[[47.2103503,39.6026902],[47.2103503,39.6026902],[47.2103503,39.6026902],[47.2103503,39.6026902],[47.210375,39.6023501],[47.210375,39.6023501]]	2025-02-08 17:25:03.164	f	f
260	1	[[47.2103503,39.6026902],[47.2103503,39.6026902],[47.2103503,39.6026902],[47.2103503,39.6026902],[47.210375,39.6023501],[47.210375,39.6023501]]	2025-02-08 17:25:03.511	f	f
270	1	[[47.2103503,39.6026902],[47.2103503,39.6026902],[47.2103503,39.6026902],[47.2103503,39.6026902],[47.210375,39.6023501],[47.210375,39.6023501]]	2025-02-08 17:25:03.961	f	f
271	1	[[47.2103503,39.6026902],[47.2103503,39.6026902],[47.2103503,39.6026902],[47.2103503,39.6026902],[47.210375,39.6023501],[47.210375,39.6023501]]	2025-02-08 17:25:04.19	f	f
275	1	[[47.2103503,39.6026902],[47.2103503,39.6026902],[47.2103503,39.6026902],[47.2103503,39.6026902],[47.210375,39.6023501],[47.210375,39.6023501]]	2025-02-08 17:25:04.304	f	f
46	1	[[47.2103503,39.6026902],[47.2103503,39.6026902],[47.2103503,39.6026902],[47.2103503,39.6026902],[47.210375,39.6023501],[47.210375,39.6023501]]	2025-02-08 17:24:50.788	f	f
49	1	[[47.2103503,39.6026902],[47.2103503,39.6026902],[47.2103503,39.6026902],[47.2103503,39.6026902],[47.210375,39.6023501],[47.210375,39.6023501]]	2025-02-08 17:24:51.135	f	f
57	1	[[47.2103503,39.6026902],[47.2103503,39.6026902],[47.2103503,39.6026902],[47.2103503,39.6026902],[47.210375,39.6023501],[47.210375,39.6023501]]	2025-02-08 17:24:51.48	f	f
63	1	[[47.2103503,39.6026902],[47.2103503,39.6026902],[47.2103503,39.6026902],[47.2103503,39.6026902],[47.210375,39.6023501],[47.210375,39.6023501]]	2025-02-08 17:24:51.846	f	f
68	1	[[47.2103503,39.6026902],[47.2103503,39.6026902],[47.2103503,39.6026902],[47.2103503,39.6026902],[47.210375,39.6023501],[47.210375,39.6023501]]	2025-02-08 17:24:52.175	f	f
75	1	[[47.2103503,39.6026902],[47.2103503,39.6026902],[47.2103503,39.6026902],[47.2103503,39.6026902],[47.210375,39.6023501],[47.210375,39.6023501]]	2025-02-08 17:24:52.525	f	f
80	1	[[47.2103503,39.6026902],[47.2103503,39.6026902],[47.2103503,39.6026902],[47.2103503,39.6026902],[47.210375,39.6023501],[47.210375,39.6023501]]	2025-02-08 17:24:52.852	f	f
88	1	[[47.2103503,39.6026902],[47.2103503,39.6026902],[47.2103503,39.6026902],[47.2103503,39.6026902],[47.210375,39.6023501],[47.210375,39.6023501]]	2025-02-08 17:24:53.199	f	f
93	1	[[47.2103503,39.6026902],[47.2103503,39.6026902],[47.2103503,39.6026902],[47.2103503,39.6026902],[47.210375,39.6023501],[47.210375,39.6023501]]	2025-02-08 17:24:53.556	f	f
99	1	[[47.2103503,39.6026902],[47.2103503,39.6026902],[47.2103503,39.6026902],[47.2103503,39.6026902],[47.210375,39.6023501],[47.210375,39.6023501]]	2025-02-08 17:24:53.921	f	f
103	1	[[47.2103503,39.6026902],[47.2103503,39.6026902],[47.2103503,39.6026902],[47.2103503,39.6026902],[47.210375,39.6023501],[47.210375,39.6023501]]	2025-02-08 17:24:54.249	f	f
108	1	[[47.2103503,39.6026902],[47.2103503,39.6026902],[47.2103503,39.6026902],[47.2103503,39.6026902],[47.210375,39.6023501],[47.210375,39.6023501]]	2025-02-08 17:24:54.603	f	f
114	1	[[47.2103503,39.6026902],[47.2103503,39.6026902],[47.2103503,39.6026902],[47.2103503,39.6026902],[47.210375,39.6023501],[47.210375,39.6023501]]	2025-02-08 17:24:54.941	f	f
124	1	[[47.2103503,39.6026902],[47.2103503,39.6026902],[47.2103503,39.6026902],[47.2103503,39.6026902],[47.210375,39.6023501],[47.210375,39.6023501]]	2025-02-08 17:24:55.289	f	f
126	1	[[47.2103503,39.6026902],[47.2103503,39.6026902],[47.2103503,39.6026902],[47.2103503,39.6026902],[47.210375,39.6023501],[47.210375,39.6023501]]	2025-02-08 17:24:55.612	f	f
134	1	[[47.2103503,39.6026902],[47.2103503,39.6026902],[47.2103503,39.6026902],[47.2103503,39.6026902],[47.210375,39.6023501],[47.210375,39.6023501]]	2025-02-08 17:24:55.956	f	f
137	1	[[47.2103503,39.6026902],[47.2103503,39.6026902],[47.2103503,39.6026902],[47.2103503,39.6026902],[47.210375,39.6023501],[47.210375,39.6023501]]	2025-02-08 17:24:56.31	f	f
145	1	[[47.2103503,39.6026902],[47.2103503,39.6026902],[47.2103503,39.6026902],[47.2103503,39.6026902],[47.210375,39.6023501],[47.210375,39.6023501]]	2025-02-08 17:24:56.67	f	f
152	1	[[47.2103503,39.6026902],[47.2103503,39.6026902],[47.2103503,39.6026902],[47.2103503,39.6026902],[47.210375,39.6023501],[47.210375,39.6023501]]	2025-02-08 17:24:57.021	f	f
157	1	[[47.2103503,39.6026902],[47.2103503,39.6026902],[47.2103503,39.6026902],[47.2103503,39.6026902],[47.210375,39.6023501],[47.210375,39.6023501]]	2025-02-08 17:24:57.345	f	f
162	1	[[47.2103503,39.6026902],[47.2103503,39.6026902],[47.2103503,39.6026902],[47.2103503,39.6026902],[47.210375,39.6023501],[47.210375,39.6023501]]	2025-02-08 17:24:57.68	f	f
167	1	[[47.2103503,39.6026902],[47.2103503,39.6026902],[47.2103503,39.6026902],[47.2103503,39.6026902],[47.210375,39.6023501],[47.210375,39.6023501]]	2025-02-08 17:24:58.029	f	f
176	1	[[47.2103503,39.6026902],[47.2103503,39.6026902],[47.2103503,39.6026902],[47.2103503,39.6026902],[47.210375,39.6023501],[47.210375,39.6023501]]	2025-02-08 17:24:58.396	f	f
181	1	[[47.2103503,39.6026902],[47.2103503,39.6026902],[47.2103503,39.6026902],[47.2103503,39.6026902],[47.210375,39.6023501],[47.210375,39.6023501]]	2025-02-08 17:24:58.724	f	f
190	1	[[47.2103503,39.6026902],[47.2103503,39.6026902],[47.2103503,39.6026902],[47.2103503,39.6026902],[47.210375,39.6023501],[47.210375,39.6023501]]	2025-02-08 17:24:59.089	f	f
192	1	[[47.2103503,39.6026902],[47.2103503,39.6026902],[47.2103503,39.6026902],[47.2103503,39.6026902],[47.210375,39.6023501],[47.210375,39.6023501]]	2025-02-08 17:24:59.436	f	f
200	1	[[47.2103503,39.6026902],[47.2103503,39.6026902],[47.2103503,39.6026902],[47.2103503,39.6026902],[47.210375,39.6023501],[47.210375,39.6023501]]	2025-02-08 17:24:59.769	f	f
204	1	[[47.2103503,39.6026902],[47.2103503,39.6026902],[47.2103503,39.6026902],[47.2103503,39.6026902],[47.210375,39.6023501],[47.210375,39.6023501]]	2025-02-08 17:25:00.089	f	f
210	1	[[47.2103503,39.6026902],[47.2103503,39.6026902],[47.2103503,39.6026902],[47.2103503,39.6026902],[47.210375,39.6023501],[47.210375,39.6023501]]	2025-02-08 17:25:00.429	f	f
217	1	[[47.2103503,39.6026902],[47.2103503,39.6026902],[47.2103503,39.6026902],[47.2103503,39.6026902],[47.210375,39.6023501],[47.210375,39.6023501]]	2025-02-08 17:25:00.774	f	f
221	1	[[47.2103503,39.6026902],[47.2103503,39.6026902],[47.2103503,39.6026902],[47.2103503,39.6026902],[47.210375,39.6023501],[47.210375,39.6023501]]	2025-02-08 17:25:01.121	f	f
231	1	[[47.2103503,39.6026902],[47.2103503,39.6026902],[47.2103503,39.6026902],[47.2103503,39.6026902],[47.210375,39.6023501],[47.210375,39.6023501]]	2025-02-08 17:25:01.466	f	f
233	1	[[47.2103503,39.6026902],[47.2103503,39.6026902],[47.2103503,39.6026902],[47.2103503,39.6026902],[47.210375,39.6023501],[47.210375,39.6023501]]	2025-02-08 17:25:01.808	f	f
263	1	[[47.2103503,39.6026902],[47.2103503,39.6026902],[47.2103503,39.6026902],[47.2103503,39.6026902],[47.210375,39.6023501],[47.210375,39.6023501]]	2025-02-08 17:25:03.621	f	f
265	1	[[47.2103503,39.6026902],[47.2103503,39.6026902],[47.2103503,39.6026902],[47.2103503,39.6026902],[47.210375,39.6023501],[47.210375,39.6023501]]	2025-02-08 17:25:03.87	f	f
317	1	[[47.2103503,39.6026902],[47.2103503,39.6026902],[47.2103503,39.6026902],[47.2103503,39.6026902],[47.210375,39.6023501],[47.210375,39.6023501]]	2025-02-08 17:25:06.649	f	f
319	1	[[47.2103503,39.6026902],[47.2103503,39.6026902],[47.2103503,39.6026902],[47.2103503,39.6026902],[47.210375,39.6023501],[47.210375,39.6023501]]	2025-02-08 17:25:06.95	f	f
330	1	[[47.2103503,39.6026902],[47.2103503,39.6026902],[47.2103503,39.6026902],[47.2103503,39.6026902],[47.210375,39.6023501],[47.210375,39.6023501]]	2025-02-08 17:25:07.307	f	f
331	1	[[47.2103503,39.6026902],[47.2103503,39.6026902],[47.2103503,39.6026902],[47.2103503,39.6026902],[47.210375,39.6023501],[47.210375,39.6023501]]	2025-02-08 17:25:07.659	f	f
338	1	[[47.2103503,39.6026902],[47.2103503,39.6026902],[47.2103503,39.6026902],[47.2103503,39.6026902],[47.210375,39.6023501],[47.210375,39.6023501]]	2025-02-08 17:25:07.995	f	f
47	1	[[47.2103503,39.6026902],[47.2103503,39.6026902],[47.2103503,39.6026902],[47.2103503,39.6026902],[47.210375,39.6023501],[47.210375,39.6023501]]	2025-02-08 17:24:50.787	f	f
52	1	[[47.2103503,39.6026902],[47.2103503,39.6026902],[47.2103503,39.6026902],[47.2103503,39.6026902],[47.210375,39.6023501],[47.210375,39.6023501]]	2025-02-08 17:24:51.137	f	f
58	1	[[47.2103503,39.6026902],[47.2103503,39.6026902],[47.2103503,39.6026902],[47.2103503,39.6026902],[47.210375,39.6023501],[47.210375,39.6023501]]	2025-02-08 17:24:51.48	f	f
64	1	[[47.2103503,39.6026902],[47.2103503,39.6026902],[47.2103503,39.6026902],[47.2103503,39.6026902],[47.210375,39.6023501],[47.210375,39.6023501]]	2025-02-08 17:24:51.846	f	f
71	1	[[47.2103503,39.6026902],[47.2103503,39.6026902],[47.2103503,39.6026902],[47.2103503,39.6026902],[47.210375,39.6023501],[47.210375,39.6023501]]	2025-02-08 17:24:52.176	f	f
74	1	[[47.2103503,39.6026902],[47.2103503,39.6026902],[47.2103503,39.6026902],[47.2103503,39.6026902],[47.210375,39.6023501],[47.210375,39.6023501]]	2025-02-08 17:24:52.51	f	f
84	1	[[47.2103503,39.6026902],[47.2103503,39.6026902],[47.2103503,39.6026902],[47.2103503,39.6026902],[47.210375,39.6023501],[47.210375,39.6023501]]	2025-02-08 17:24:52.857	f	f
87	1	[[47.2103503,39.6026902],[47.2103503,39.6026902],[47.2103503,39.6026902],[47.2103503,39.6026902],[47.210375,39.6023501],[47.210375,39.6023501]]	2025-02-08 17:24:53.198	f	f
94	1	[[47.2103503,39.6026902],[47.2103503,39.6026902],[47.2103503,39.6026902],[47.2103503,39.6026902],[47.210375,39.6023501],[47.210375,39.6023501]]	2025-02-08 17:24:53.557	f	f
95	1	[[47.2103503,39.6026902],[47.2103503,39.6026902],[47.2103503,39.6026902],[47.2103503,39.6026902],[47.210375,39.6023501],[47.210375,39.6023501]]	2025-02-08 17:24:53.767	f	f
97	1	[[47.2103503,39.6026902],[47.2103503,39.6026902],[47.2103503,39.6026902],[47.2103503,39.6026902],[47.210375,39.6023501],[47.210375,39.6023501]]	2025-02-08 17:24:53.914	f	f
106	1	[[47.2103503,39.6026902],[47.2103503,39.6026902],[47.2103503,39.6026902],[47.2103503,39.6026902],[47.210375,39.6023501],[47.210375,39.6023501]]	2025-02-08 17:24:54.253	f	f
107	1	[[47.2103503,39.6026902],[47.2103503,39.6026902],[47.2103503,39.6026902],[47.2103503,39.6026902],[47.210375,39.6023501],[47.210375,39.6023501]]	2025-02-08 17:24:54.451	f	f
111	1	[[47.2103503,39.6026902],[47.2103503,39.6026902],[47.2103503,39.6026902],[47.2103503,39.6026902],[47.210375,39.6023501],[47.210375,39.6023501]]	2025-02-08 17:24:54.602	f	f
117	1	[[47.2103503,39.6026902],[47.2103503,39.6026902],[47.2103503,39.6026902],[47.2103503,39.6026902],[47.210375,39.6023501],[47.210375,39.6023501]]	2025-02-08 17:24:54.942	f	f
121	1	[[47.2103503,39.6026902],[47.2103503,39.6026902],[47.2103503,39.6026902],[47.2103503,39.6026902],[47.210375,39.6023501],[47.210375,39.6023501]]	2025-02-08 17:24:55.287	f	f
129	1	[[47.2103503,39.6026902],[47.2103503,39.6026902],[47.2103503,39.6026902],[47.2103503,39.6026902],[47.210375,39.6023501],[47.210375,39.6023501]]	2025-02-08 17:24:55.621	f	f
133	1	[[47.2103503,39.6026902],[47.2103503,39.6026902],[47.2103503,39.6026902],[47.2103503,39.6026902],[47.210375,39.6023501],[47.210375,39.6023501]]	2025-02-08 17:24:55.955	f	f
141	1	[[47.2103503,39.6026902],[47.2103503,39.6026902],[47.2103503,39.6026902],[47.2103503,39.6026902],[47.210375,39.6023501],[47.210375,39.6023501]]	2025-02-08 17:24:56.313	f	f
146	1	[[47.2103503,39.6026902],[47.2103503,39.6026902],[47.2103503,39.6026902],[47.2103503,39.6026902],[47.210375,39.6023501],[47.210375,39.6023501]]	2025-02-08 17:24:56.669	f	f
154	1	[[47.2103503,39.6026902],[47.2103503,39.6026902],[47.2103503,39.6026902],[47.2103503,39.6026902],[47.210375,39.6023501],[47.210375,39.6023501]]	2025-02-08 17:24:57.022	f	f
155	1	[[47.2103503,39.6026902],[47.2103503,39.6026902],[47.2103503,39.6026902],[47.2103503,39.6026902],[47.210375,39.6023501],[47.210375,39.6023501]]	2025-02-08 17:24:57.332	f	f
166	1	[[47.2103503,39.6026902],[47.2103503,39.6026902],[47.2103503,39.6026902],[47.2103503,39.6026902],[47.210375,39.6023501],[47.210375,39.6023501]]	2025-02-08 17:24:57.684	f	f
171	1	[[47.2103503,39.6026902],[47.2103503,39.6026902],[47.2103503,39.6026902],[47.2103503,39.6026902],[47.210375,39.6023501],[47.210375,39.6023501]]	2025-02-08 17:24:58.029	f	f
178	1	[[47.2103503,39.6026902],[47.2103503,39.6026902],[47.2103503,39.6026902],[47.2103503,39.6026902],[47.210375,39.6023501],[47.210375,39.6023501]]	2025-02-08 17:24:58.397	f	f
180	1	[[47.2103503,39.6026902],[47.2103503,39.6026902],[47.2103503,39.6026902],[47.2103503,39.6026902],[47.210375,39.6023501],[47.210375,39.6023501]]	2025-02-08 17:24:58.723	f	f
188	1	[[47.2103503,39.6026902],[47.2103503,39.6026902],[47.2103503,39.6026902],[47.2103503,39.6026902],[47.210375,39.6023501],[47.210375,39.6023501]]	2025-02-08 17:24:59.087	f	f
193	1	[[47.2103503,39.6026902],[47.2103503,39.6026902],[47.2103503,39.6026902],[47.2103503,39.6026902],[47.210375,39.6023501],[47.210375,39.6023501]]	2025-02-08 17:24:59.437	f	f
201	1	[[47.2103503,39.6026902],[47.2103503,39.6026902],[47.2103503,39.6026902],[47.2103503,39.6026902],[47.210375,39.6023501],[47.210375,39.6023501]]	2025-02-08 17:24:59.768	f	f
206	1	[[47.2103503,39.6026902],[47.2103503,39.6026902],[47.2103503,39.6026902],[47.2103503,39.6026902],[47.210375,39.6023501],[47.210375,39.6023501]]	2025-02-08 17:25:00.09	f	f
212	1	[[47.2103503,39.6026902],[47.2103503,39.6026902],[47.2103503,39.6026902],[47.2103503,39.6026902],[47.210375,39.6023501],[47.210375,39.6023501]]	2025-02-08 17:25:00.43	f	f
218	1	[[47.2103503,39.6026902],[47.2103503,39.6026902],[47.2103503,39.6026902],[47.2103503,39.6026902],[47.210375,39.6023501],[47.210375,39.6023501]]	2025-02-08 17:25:00.772	f	f
223	1	[[47.2103503,39.6026902],[47.2103503,39.6026902],[47.2103503,39.6026902],[47.2103503,39.6026902],[47.210375,39.6023501],[47.210375,39.6023501]]	2025-02-08 17:25:01.123	f	f
230	1	[[47.2103503,39.6026902],[47.2103503,39.6026902],[47.2103503,39.6026902],[47.2103503,39.6026902],[47.210375,39.6023501],[47.210375,39.6023501]]	2025-02-08 17:25:01.465	f	f
234	1	[[47.2103503,39.6026902],[47.2103503,39.6026902],[47.2103503,39.6026902],[47.2103503,39.6026902],[47.210375,39.6023501],[47.210375,39.6023501]]	2025-02-08 17:25:01.809	f	f
241	1	[[47.2103503,39.6026902],[47.2103503,39.6026902],[47.2103503,39.6026902],[47.2103503,39.6026902],[47.210375,39.6023501],[47.210375,39.6023501]]	2025-02-08 17:25:02.169	f	f
244	1	[[47.2103503,39.6026902],[47.2103503,39.6026902],[47.2103503,39.6026902],[47.2103503,39.6026902],[47.210375,39.6023501],[47.210375,39.6023501]]	2025-02-08 17:25:02.506	f	f
246	1	[[47.2103503,39.6026902],[47.2103503,39.6026902],[47.2103503,39.6026902],[47.2103503,39.6026902],[47.210375,39.6023501],[47.210375,39.6023501]]	2025-02-08 17:25:02.628	f	f
247	1	[[47.2103503,39.6026902],[47.2103503,39.6026902],[47.2103503,39.6026902],[47.2103503,39.6026902],[47.210375,39.6023501],[47.210375,39.6023501]]	2025-02-08 17:25:02.812	f	f
251	1	[[47.2103503,39.6026902],[47.2103503,39.6026902],[47.2103503,39.6026902],[47.2103503,39.6026902],[47.210375,39.6023501],[47.210375,39.6023501]]	2025-02-08 17:25:02.951	f	f
48	1	[[47.2103503,39.6026902],[47.2103503,39.6026902],[47.2103503,39.6026902],[47.2103503,39.6026902],[47.210375,39.6023501],[47.210375,39.6023501]]	2025-02-08 17:24:50.789	f	f
53	1	[[47.2103503,39.6026902],[47.2103503,39.6026902],[47.2103503,39.6026902],[47.2103503,39.6026902],[47.210375,39.6023501],[47.210375,39.6023501]]	2025-02-08 17:24:51.137	f	f
56	1	[[47.2103503,39.6026902],[47.2103503,39.6026902],[47.2103503,39.6026902],[47.2103503,39.6026902],[47.210375,39.6023501],[47.210375,39.6023501]]	2025-02-08 17:24:51.479	f	f
65	1	[[47.2103503,39.6026902],[47.2103503,39.6026902],[47.2103503,39.6026902],[47.2103503,39.6026902],[47.210375,39.6023501],[47.210375,39.6023501]]	2025-02-08 17:24:51.847	f	f
69	1	[[47.2103503,39.6026902],[47.2103503,39.6026902],[47.2103503,39.6026902],[47.2103503,39.6026902],[47.210375,39.6023501],[47.210375,39.6023501]]	2025-02-08 17:24:52.175	f	f
76	1	[[47.2103503,39.6026902],[47.2103503,39.6026902],[47.2103503,39.6026902],[47.2103503,39.6026902],[47.210375,39.6023501],[47.210375,39.6023501]]	2025-02-08 17:24:52.524	f	f
82	1	[[47.2103503,39.6026902],[47.2103503,39.6026902],[47.2103503,39.6026902],[47.2103503,39.6026902],[47.210375,39.6023501],[47.210375,39.6023501]]	2025-02-08 17:24:52.856	f	f
89	1	[[47.2103503,39.6026902],[47.2103503,39.6026902],[47.2103503,39.6026902],[47.2103503,39.6026902],[47.210375,39.6023501],[47.210375,39.6023501]]	2025-02-08 17:24:53.199	f	f
91	1	[[47.2103503,39.6026902],[47.2103503,39.6026902],[47.2103503,39.6026902],[47.2103503,39.6026902],[47.210375,39.6023501],[47.210375,39.6023501]]	2025-02-08 17:24:53.554	f	f
98	1	[[47.2103503,39.6026902],[47.2103503,39.6026902],[47.2103503,39.6026902],[47.2103503,39.6026902],[47.210375,39.6023501],[47.210375,39.6023501]]	2025-02-08 17:24:53.914	f	f
101	1	[[47.2103503,39.6026902],[47.2103503,39.6026902],[47.2103503,39.6026902],[47.2103503,39.6026902],[47.210375,39.6023501],[47.210375,39.6023501]]	2025-02-08 17:24:54.106	f	f
102	1	[[47.2103503,39.6026902],[47.2103503,39.6026902],[47.2103503,39.6026902],[47.2103503,39.6026902],[47.210375,39.6023501],[47.210375,39.6023501]]	2025-02-08 17:24:54.242	f	f
112	1	[[47.2103503,39.6026902],[47.2103503,39.6026902],[47.2103503,39.6026902],[47.2103503,39.6026902],[47.210375,39.6023501],[47.210375,39.6023501]]	2025-02-08 17:24:54.604	f	f
115	1	[[47.2103503,39.6026902],[47.2103503,39.6026902],[47.2103503,39.6026902],[47.2103503,39.6026902],[47.210375,39.6023501],[47.210375,39.6023501]]	2025-02-08 17:24:54.941	f	f
123	1	[[47.2103503,39.6026902],[47.2103503,39.6026902],[47.2103503,39.6026902],[47.2103503,39.6026902],[47.210375,39.6023501],[47.210375,39.6023501]]	2025-02-08 17:24:55.288	f	f
125	1	[[47.2103503,39.6026902],[47.2103503,39.6026902],[47.2103503,39.6026902],[47.2103503,39.6026902],[47.210375,39.6023501],[47.210375,39.6023501]]	2025-02-08 17:24:55.609	f	f
136	1	[[47.2103503,39.6026902],[47.2103503,39.6026902],[47.2103503,39.6026902],[47.2103503,39.6026902],[47.210375,39.6023501],[47.210375,39.6023501]]	2025-02-08 17:24:55.957	f	f
139	1	[[47.2103503,39.6026902],[47.2103503,39.6026902],[47.2103503,39.6026902],[47.2103503,39.6026902],[47.210375,39.6023501],[47.210375,39.6023501]]	2025-02-08 17:24:56.31	f	f
147	1	[[47.2103503,39.6026902],[47.2103503,39.6026902],[47.2103503,39.6026902],[47.2103503,39.6026902],[47.210375,39.6023501],[47.210375,39.6023501]]	2025-02-08 17:24:56.67	f	f
151	1	[[47.2103503,39.6026902],[47.2103503,39.6026902],[47.2103503,39.6026902],[47.2103503,39.6026902],[47.210375,39.6023501],[47.210375,39.6023501]]	2025-02-08 17:24:57.018	f	f
158	1	[[47.2103503,39.6026902],[47.2103503,39.6026902],[47.2103503,39.6026902],[47.2103503,39.6026902],[47.210375,39.6023501],[47.210375,39.6023501]]	2025-02-08 17:24:57.349	f	f
164	1	[[47.2103503,39.6026902],[47.2103503,39.6026902],[47.2103503,39.6026902],[47.2103503,39.6026902],[47.210375,39.6023501],[47.210375,39.6023501]]	2025-02-08 17:24:57.68	f	f
169	1	[[47.2103503,39.6026902],[47.2103503,39.6026902],[47.2103503,39.6026902],[47.2103503,39.6026902],[47.210375,39.6023501],[47.210375,39.6023501]]	2025-02-08 17:24:58.029	f	f
175	1	[[47.2103503,39.6026902],[47.2103503,39.6026902],[47.2103503,39.6026902],[47.2103503,39.6026902],[47.210375,39.6023501],[47.210375,39.6023501]]	2025-02-08 17:24:58.395	f	f
182	1	[[47.2103503,39.6026902],[47.2103503,39.6026902],[47.2103503,39.6026902],[47.2103503,39.6026902],[47.210375,39.6023501],[47.210375,39.6023501]]	2025-02-08 17:24:58.724	f	f
186	1	[[47.2103503,39.6026902],[47.2103503,39.6026902],[47.2103503,39.6026902],[47.2103503,39.6026902],[47.210375,39.6023501],[47.210375,39.6023501]]	2025-02-08 17:24:59.082	f	f
196	1	[[47.2103503,39.6026902],[47.2103503,39.6026902],[47.2103503,39.6026902],[47.2103503,39.6026902],[47.210375,39.6023501],[47.210375,39.6023501]]	2025-02-08 17:24:59.44	f	f
197	1	[[47.2103503,39.6026902],[47.2103503,39.6026902],[47.2103503,39.6026902],[47.2103503,39.6026902],[47.210375,39.6023501],[47.210375,39.6023501]]	2025-02-08 17:24:59.74	f	f
208	1	[[47.2103503,39.6026902],[47.2103503,39.6026902],[47.2103503,39.6026902],[47.2103503,39.6026902],[47.210375,39.6023501],[47.210375,39.6023501]]	2025-02-08 17:25:00.093	f	f
209	1	[[47.2103503,39.6026902],[47.2103503,39.6026902],[47.2103503,39.6026902],[47.2103503,39.6026902],[47.210375,39.6023501],[47.210375,39.6023501]]	2025-02-08 17:25:00.419	f	f
220	1	[[47.2103503,39.6026902],[47.2103503,39.6026902],[47.2103503,39.6026902],[47.2103503,39.6026902],[47.210375,39.6023501],[47.210375,39.6023501]]	2025-02-08 17:25:00.775	f	f
222	1	[[47.2103503,39.6026902],[47.2103503,39.6026902],[47.2103503,39.6026902],[47.2103503,39.6026902],[47.210375,39.6023501],[47.210375,39.6023501]]	2025-02-08 17:25:01.121	f	f
232	1	[[47.2103503,39.6026902],[47.2103503,39.6026902],[47.2103503,39.6026902],[47.2103503,39.6026902],[47.210375,39.6023501],[47.210375,39.6023501]]	2025-02-08 17:25:01.466	f	f
238	1	[[47.2103503,39.6026902],[47.2103503,39.6026902],[47.2103503,39.6026902],[47.2103503,39.6026902],[47.210375,39.6023501],[47.210375,39.6023501]]	2025-02-08 17:25:02.159	f	f
257	1	[[47.2103503,39.6026902],[47.2103503,39.6026902],[47.2103503,39.6026902],[47.2103503,39.6026902],[47.210375,39.6023501],[47.210375,39.6023501]]	2025-02-08 17:25:03.278	f	f
259	1	[[47.2103503,39.6026902],[47.2103503,39.6026902],[47.2103503,39.6026902],[47.2103503,39.6026902],[47.210375,39.6023501],[47.210375,39.6023501]]	2025-02-08 17:25:03.51	f	f
269	1	[[47.2103503,39.6026902],[47.2103503,39.6026902],[47.2103503,39.6026902],[47.2103503,39.6026902],[47.210375,39.6023501],[47.210375,39.6023501]]	2025-02-08 17:25:03.961	f	f
272	1	[[47.2103503,39.6026902],[47.2103503,39.6026902],[47.2103503,39.6026902],[47.2103503,39.6026902],[47.210375,39.6023501],[47.210375,39.6023501]]	2025-02-08 17:25:04.191	f	f
281	1	[[47.2103503,39.6026902],[47.2103503,39.6026902],[47.2103503,39.6026902],[47.2103503,39.6026902],[47.210375,39.6023501],[47.210375,39.6023501]]	2025-02-08 17:25:04.626	f	f
285	1	[[47.2103503,39.6026902],[47.2103503,39.6026902],[47.2103503,39.6026902],[47.2103503,39.6026902],[47.210375,39.6023501],[47.210375,39.6023501]]	2025-02-08 17:25:04.851	f	f
256	1	[[47.2103503,39.6026902],[47.2103503,39.6026902],[47.2103503,39.6026902],[47.2103503,39.6026902],[47.210375,39.6023501],[47.210375,39.6023501]]	2025-02-08 17:25:03.164	f	f
258	1	[[47.2103503,39.6026902],[47.2103503,39.6026902],[47.2103503,39.6026902],[47.2103503,39.6026902],[47.210375,39.6023501],[47.210375,39.6023501]]	2025-02-08 17:25:03.298	f	f
262	1	[[47.2103503,39.6026902],[47.2103503,39.6026902],[47.2103503,39.6026902],[47.2103503,39.6026902],[47.210375,39.6023501],[47.210375,39.6023501]]	2025-02-08 17:25:03.512	f	f
268	1	[[47.2103503,39.6026902],[47.2103503,39.6026902],[47.2103503,39.6026902],[47.2103503,39.6026902],[47.210375,39.6023501],[47.210375,39.6023501]]	2025-02-08 17:25:03.873	f	f
274	1	[[47.2103503,39.6026902],[47.2103503,39.6026902],[47.2103503,39.6026902],[47.2103503,39.6026902],[47.210375,39.6023501],[47.210375,39.6023501]]	2025-02-08 17:25:04.206	f	f
279	1	[[47.2103503,39.6026902],[47.2103503,39.6026902],[47.2103503,39.6026902],[47.2103503,39.6026902],[47.210375,39.6023501],[47.210375,39.6023501]]	2025-02-08 17:25:04.519	f	f
286	1	[[47.2103503,39.6026902],[47.2103503,39.6026902],[47.2103503,39.6026902],[47.2103503,39.6026902],[47.210375,39.6023501],[47.210375,39.6023501]]	2025-02-08 17:25:04.852	f	f
287	1	[[47.2103503,39.6026902],[47.2103503,39.6026902],[47.2103503,39.6026902],[47.2103503,39.6026902],[47.210375,39.6023501],[47.210375,39.6023501]]	2025-02-08 17:25:04.991	f	f
289	1	[[47.2103503,39.6026902],[47.2103503,39.6026902],[47.2103503,39.6026902],[47.2103503,39.6026902],[47.210375,39.6023501],[47.210375,39.6023501]]	2025-02-08 17:25:05.194	f	f
297	1	[[47.2103503,39.6026902],[47.2103503,39.6026902],[47.2103503,39.6026902],[47.2103503,39.6026902],[47.210375,39.6023501],[47.210375,39.6023501]]	2025-02-08 17:25:05.541	f	f
299	1	[[47.2103503,39.6026902],[47.2103503,39.6026902],[47.2103503,39.6026902],[47.2103503,39.6026902],[47.210375,39.6023501],[47.210375,39.6023501]]	2025-02-08 17:25:05.676	f	f
301	1	[[47.2103503,39.6026902],[47.2103503,39.6026902],[47.2103503,39.6026902],[47.2103503,39.6026902],[47.210375,39.6023501],[47.210375,39.6023501]]	2025-02-08 17:25:05.862	f	f
305	1	[[47.2103503,39.6026902],[47.2103503,39.6026902],[47.2103503,39.6026902],[47.2103503,39.6026902],[47.210375,39.6023501],[47.210375,39.6023501]]	2025-02-08 17:25:05.991	f	f
309	1	[[47.2103503,39.6026902],[47.2103503,39.6026902],[47.2103503,39.6026902],[47.2103503,39.6026902],[47.210375,39.6023501],[47.210375,39.6023501]]	2025-02-08 17:25:06.211	f	f
315	1	[[47.2103503,39.6026902],[47.2103503,39.6026902],[47.2103503,39.6026902],[47.2103503,39.6026902],[47.210375,39.6023501],[47.210375,39.6023501]]	2025-02-08 17:25:06.595	f	f
321	1	[[47.2103503,39.6026902],[47.2103503,39.6026902],[47.2103503,39.6026902],[47.2103503,39.6026902],[47.210375,39.6023501],[47.210375,39.6023501]]	2025-02-08 17:25:06.952	f	f
327	1	[[47.2103503,39.6026902],[47.2103503,39.6026902],[47.2103503,39.6026902],[47.2103503,39.6026902],[47.210375,39.6023501],[47.210375,39.6023501]]	2025-02-08 17:25:07.305	f	f
336	1	[[47.2103503,39.6026902],[47.2103503,39.6026902],[47.2103503,39.6026902],[47.2103503,39.6026902],[47.210375,39.6023501],[47.210375,39.6023501]]	2025-02-08 17:25:07.665	f	f
337	1	[[47.2103503,39.6026902],[47.2103503,39.6026902],[47.2103503,39.6026902],[47.2103503,39.6026902],[47.210375,39.6023501],[47.210375,39.6023501]]	2025-02-08 17:25:07.994	f	f
347	1	[[47.2103503,39.6026902],[47.2103503,39.6026902],[47.2103503,39.6026902],[47.2103503,39.6026902],[47.210375,39.6023501],[47.210375,39.6023501]]	2025-02-08 17:25:08.345	f	f
350	1	[[47.2103503,39.6026902],[47.2103503,39.6026902],[47.2103503,39.6026902],[47.2103503,39.6026902],[47.210375,39.6023501],[47.210375,39.6023501]]	2025-02-08 17:25:08.673	f	f
359	1	[[47.2103503,39.6026902],[47.2103503,39.6026902],[47.2103503,39.6026902],[47.2103503,39.6026902],[47.210375,39.6023501],[47.210375,39.6023501]]	2025-02-08 17:25:09.023	f	f
361	1	[[47.2103503,39.6026902],[47.2103503,39.6026902],[47.2103503,39.6026902],[47.2103503,39.6026902],[47.210375,39.6023501],[47.210375,39.6023501]]	2025-02-08 17:25:09.355	f	f
372	1	[[47.2103503,39.6026902],[47.2103503,39.6026902],[47.2103503,39.6026902],[47.2103503,39.6026902],[47.210375,39.6023501],[47.210375,39.6023501]]	2025-02-08 17:25:09.708	f	f
375	1	[[47.2103503,39.6026902],[47.2103503,39.6026902],[47.2103503,39.6026902],[47.2103503,39.6026902],[47.210375,39.6023501],[47.210375,39.6023501]]	2025-02-08 17:25:10.045	f	f
383	1	[[47.2103503,39.6026902],[47.2103503,39.6026902],[47.2103503,39.6026902],[47.2103503,39.6026902],[47.210375,39.6023501],[47.210375,39.6023501]]	2025-02-08 17:25:10.392	f	f
388	1	[[47.2103503,39.6026902],[47.2103503,39.6026902],[47.2103503,39.6026902],[47.2103503,39.6026902],[47.210375,39.6023501],[47.210375,39.6023501]]	2025-02-08 17:25:10.723	f	f
395	1	[[47.2103503,39.6026902],[47.2103503,39.6026902],[47.2103503,39.6026902],[47.2103503,39.6026902],[47.210375,39.6023501],[47.210375,39.6023501]]	2025-02-08 17:25:11.085	f	f
399	1	[[47.2103503,39.6026902],[47.2103503,39.6026902],[47.2103503,39.6026902],[47.2103503,39.6026902],[47.210375,39.6023501],[47.210375,39.6023501]]	2025-02-08 17:25:11.423	f	f
404	1	[[47.2103503,39.6026902],[47.2103503,39.6026902],[47.2103503,39.6026902],[47.2103503,39.6026902],[47.210375,39.6023501],[47.210375,39.6023501]]	2025-02-08 17:25:11.755	f	f
413	1	[[47.2103503,39.6026902],[47.2103503,39.6026902],[47.2103503,39.6026902],[47.2103503,39.6026902],[47.210375,39.6023501],[47.210375,39.6023501]]	2025-02-08 17:25:12.089	f	f
415	1	[[47.2103503,39.6026902],[47.2103503,39.6026902],[47.2103503,39.6026902],[47.2103503,39.6026902],[47.210375,39.6023501],[47.210375,39.6023501]]	2025-02-08 17:25:12.417	f	f
426	1	[[47.2103503,39.6026902],[47.2103503,39.6026902],[47.2103503,39.6026902],[47.2103503,39.6026902],[47.210375,39.6023501],[47.210375,39.6023501]]	2025-02-08 17:25:12.775	f	f
427	1	[[47.2103503,39.6026902],[47.2103503,39.6026902],[47.2103503,39.6026902],[47.2103503,39.6026902],[47.210375,39.6023501],[47.210375,39.6023501]]	2025-02-08 17:25:13.109	f	f
442	1	[[47.2103503,39.6026902],[47.2103503,39.6026902],[47.2103503,39.6026902],[47.2103503,39.6026902],[47.210375,39.6023501],[47.210375,39.6023501]]	2025-02-08 17:25:13.808	f	f
443	1	[[47.2103503,39.6026902],[47.2103503,39.6026902],[47.2103503,39.6026902],[47.2103503,39.6026902],[47.210375,39.6023501],[47.210375,39.6023501]]	2025-02-08 17:25:14.055	f	f
454	1	[[47.2103503,39.6026902],[47.2103503,39.6026902],[47.2103503,39.6026902],[47.2103503,39.6026902],[47.210375,39.6023501],[47.210375,39.6023501]]	2025-02-08 17:25:14.466	f	f
455	1	[[47.2103503,39.6026902],[47.2103503,39.6026902],[47.2103503,39.6026902],[47.2103503,39.6026902],[47.210375,39.6023501],[47.210375,39.6023501]]	2025-02-08 17:25:14.712	f	f
466	1	[[47.2103503,39.6026902],[47.2103503,39.6026902],[47.2103503,39.6026902],[47.2103503,39.6026902],[47.210375,39.6023501],[47.210375,39.6023501]]	2025-02-08 17:25:15.141	f	f
467	1	[[47.2103503,39.6026902],[47.2103503,39.6026902],[47.2103503,39.6026902],[47.2103503,39.6026902],[47.210375,39.6023501],[47.210375,39.6023501]]	2025-02-08 17:25:15.376	f	f
277	1	[[47.2103503,39.6026902],[47.2103503,39.6026902],[47.2103503,39.6026902],[47.2103503,39.6026902],[47.210375,39.6023501],[47.210375,39.6023501]]	2025-02-08 17:25:04.512	f	f
318	1	[[47.2103503,39.6026902],[47.2103503,39.6026902],[47.2103503,39.6026902],[47.2103503,39.6026902],[47.210375,39.6023501],[47.210375,39.6023501]]	2025-02-08 17:25:06.649	f	f
320	1	[[47.2103503,39.6026902],[47.2103503,39.6026902],[47.2103503,39.6026902],[47.2103503,39.6026902],[47.210375,39.6023501],[47.210375,39.6023501]]	2025-02-08 17:25:06.949	f	f
329	1	[[47.2103503,39.6026902],[47.2103503,39.6026902],[47.2103503,39.6026902],[47.2103503,39.6026902],[47.210375,39.6023501],[47.210375,39.6023501]]	2025-02-08 17:25:07.306	f	f
334	1	[[47.2103503,39.6026902],[47.2103503,39.6026902],[47.2103503,39.6026902],[47.2103503,39.6026902],[47.210375,39.6023501],[47.210375,39.6023501]]	2025-02-08 17:25:07.662	f	f
339	1	[[47.2103503,39.6026902],[47.2103503,39.6026902],[47.2103503,39.6026902],[47.2103503,39.6026902],[47.210375,39.6023501],[47.210375,39.6023501]]	2025-02-08 17:25:07.996	f	f
343	1	[[47.2103503,39.6026902],[47.2103503,39.6026902],[47.2103503,39.6026902],[47.2103503,39.6026902],[47.210375,39.6023501],[47.210375,39.6023501]]	2025-02-08 17:25:08.344	f	f
353	1	[[47.2103503,39.6026902],[47.2103503,39.6026902],[47.2103503,39.6026902],[47.2103503,39.6026902],[47.210375,39.6023501],[47.210375,39.6023501]]	2025-02-08 17:25:08.688	f	f
355	1	[[47.2103503,39.6026902],[47.2103503,39.6026902],[47.2103503,39.6026902],[47.2103503,39.6026902],[47.210375,39.6023501],[47.210375,39.6023501]]	2025-02-08 17:25:09.018	f	f
366	1	[[47.2103503,39.6026902],[47.2103503,39.6026902],[47.2103503,39.6026902],[47.2103503,39.6026902],[47.210375,39.6023501],[47.210375,39.6023501]]	2025-02-08 17:25:09.357	f	f
368	1	[[47.2103503,39.6026902],[47.2103503,39.6026902],[47.2103503,39.6026902],[47.2103503,39.6026902],[47.210375,39.6023501],[47.210375,39.6023501]]	2025-02-08 17:25:09.706	f	f
378	1	[[47.2103503,39.6026902],[47.2103503,39.6026902],[47.2103503,39.6026902],[47.2103503,39.6026902],[47.210375,39.6023501],[47.210375,39.6023501]]	2025-02-08 17:25:10.046	f	f
382	1	[[47.2103503,39.6026902],[47.2103503,39.6026902],[47.2103503,39.6026902],[47.2103503,39.6026902],[47.210375,39.6023501],[47.210375,39.6023501]]	2025-02-08 17:25:10.391	f	f
386	1	[[47.2103503,39.6026902],[47.2103503,39.6026902],[47.2103503,39.6026902],[47.2103503,39.6026902],[47.210375,39.6023501],[47.210375,39.6023501]]	2025-02-08 17:25:10.721	f	f
394	1	[[47.2103503,39.6026902],[47.2103503,39.6026902],[47.2103503,39.6026902],[47.2103503,39.6026902],[47.210375,39.6023501],[47.210375,39.6023501]]	2025-02-08 17:25:11.067	f	f
398	1	[[47.2103503,39.6026902],[47.2103503,39.6026902],[47.2103503,39.6026902],[47.2103503,39.6026902],[47.210375,39.6023501],[47.210375,39.6023501]]	2025-02-08 17:25:11.422	f	f
407	1	[[47.2103503,39.6026902],[47.2103503,39.6026902],[47.2103503,39.6026902],[47.2103503,39.6026902],[47.210375,39.6023501],[47.210375,39.6023501]]	2025-02-08 17:25:11.757	f	f
410	1	[[47.2103503,39.6026902],[47.2103503,39.6026902],[47.2103503,39.6026902],[47.2103503,39.6026902],[47.210375,39.6023501],[47.210375,39.6023501]]	2025-02-08 17:25:12.088	f	f
420	1	[[47.2103503,39.6026902],[47.2103503,39.6026902],[47.2103503,39.6026902],[47.2103503,39.6026902],[47.210375,39.6023501],[47.210375,39.6023501]]	2025-02-08 17:25:12.424	f	f
421	1	[[47.2103503,39.6026902],[47.2103503,39.6026902],[47.2103503,39.6026902],[47.2103503,39.6026902],[47.210375,39.6023501],[47.210375,39.6023501]]	2025-02-08 17:25:12.76	f	f
431	1	[[47.2103503,39.6026902],[47.2103503,39.6026902],[47.2103503,39.6026902],[47.2103503,39.6026902],[47.210375,39.6023501],[47.210375,39.6023501]]	2025-02-08 17:25:13.122	f	f
433	1	[[47.2103503,39.6026902],[47.2103503,39.6026902],[47.2103503,39.6026902],[47.2103503,39.6026902],[47.210375,39.6023501],[47.210375,39.6023501]]	2025-02-08 17:25:13.447	f	f
440	1	[[47.2103503,39.6026902],[47.2103503,39.6026902],[47.2103503,39.6026902],[47.2103503,39.6026902],[47.210375,39.6023501],[47.210375,39.6023501]]	2025-02-08 17:25:13.793	f	f
445	1	[[47.2103503,39.6026902],[47.2103503,39.6026902],[47.2103503,39.6026902],[47.2103503,39.6026902],[47.210375,39.6023501],[47.210375,39.6023501]]	2025-02-08 17:25:14.115	f	f
452	1	[[47.2103503,39.6026902],[47.2103503,39.6026902],[47.2103503,39.6026902],[47.2103503,39.6026902],[47.210375,39.6023501],[47.210375,39.6023501]]	2025-02-08 17:25:14.457	f	f
457	1	[[47.2103503,39.6026902],[47.2103503,39.6026902],[47.2103503,39.6026902],[47.2103503,39.6026902],[47.210375,39.6023501],[47.210375,39.6023501]]	2025-02-08 17:25:14.814	f	f
464	1	[[47.2103503,39.6026902],[47.2103503,39.6026902],[47.2103503,39.6026902],[47.2103503,39.6026902],[47.210375,39.6023501],[47.210375,39.6023501]]	2025-02-08 17:25:15.139	f	f
469	1	[[47.2103503,39.6026902],[47.2103503,39.6026902],[47.2103503,39.6026902],[47.2103503,39.6026902],[47.210375,39.6023501],[47.210375,39.6023501]]	2025-02-08 17:25:15.462	f	f
476	1	[[47.2103503,39.6026902],[47.2103503,39.6026902],[47.2103503,39.6026902],[47.2103503,39.6026902],[47.210375,39.6023501],[47.210375,39.6023501]]	2025-02-08 17:25:15.801	f	f
481	1	[[47.2103503,39.6026902],[47.2103503,39.6026902],[47.2103503,39.6026902],[47.2103503,39.6026902],[47.210375,39.6023501],[47.210375,39.6023501]]	2025-02-08 17:25:16.165	f	f
488	1	[[47.2103503,39.6026902],[47.2103503,39.6026902],[47.2103503,39.6026902],[47.2103503,39.6026902],[47.210375,39.6023501],[47.210375,39.6023501]]	2025-02-08 17:25:16.52	f	f
495	1	[[47.2103503,39.6026902],[47.2103503,39.6026902],[47.2103503,39.6026902],[47.2103503,39.6026902],[47.210375,39.6023501],[47.210375,39.6023501]]	2025-02-08 17:25:16.864	f	f
497	1	[[47.2103503,39.6026902],[47.2103503,39.6026902],[47.2103503,39.6026902],[47.2103503,39.6026902],[47.210375,39.6023501],[47.210375,39.6023501]]	2025-02-08 17:25:17.032	f	f
500	1	[[47.2103503,39.6026902],[47.2103503,39.6026902],[47.2103503,39.6026902],[47.2103503,39.6026902],[47.210375,39.6023501],[47.210375,39.6023501]]	2025-02-08 17:25:17.208	f	f
506	1	[[47.2103503,39.6026902],[47.2103503,39.6026902],[47.2103503,39.6026902],[47.2103503,39.6026902],[47.210375,39.6023501],[47.210375,39.6023501]]	2025-02-08 17:25:17.544	f	f
512	1	[[47.2103503,39.6026902],[47.2103503,39.6026902],[47.2103503,39.6026902],[47.2103503,39.6026902],[47.210375,39.6023501],[47.210375,39.6023501]]	2025-02-08 17:25:17.874	f	f
516	1	[[47.2103503,39.6026902],[47.2103503,39.6026902],[47.2103503,39.6026902],[47.2103503,39.6026902],[47.210375,39.6023501],[47.210375,39.6023501]]	2025-02-08 17:25:18.183	f	f
524	1	[[47.2103503,39.6026902],[47.2103503,39.6026902],[47.2103503,39.6026902],[47.2103503,39.6026902],[47.210375,39.6023501],[47.210375,39.6023501]]	2025-02-08 17:25:18.538	f	f
529	1	[[47.2103503,39.6026902],[47.2103503,39.6026902],[47.2103503,39.6026902],[47.2103503,39.6026902],[47.210375,39.6023501],[47.210375,39.6023501]]	2025-02-08 17:25:18.893	f	f
536	1	[[47.2103503,39.6026902],[47.2103503,39.6026902],[47.2103503,39.6026902],[47.2103503,39.6026902],[47.210375,39.6023501],[47.210375,39.6023501]]	2025-02-08 17:25:19.237	f	f
280	1	[[47.2103503,39.6026902],[47.2103503,39.6026902],[47.2103503,39.6026902],[47.2103503,39.6026902],[47.210375,39.6023501],[47.210375,39.6023501]]	2025-02-08 17:25:04.529	f	f
284	1	[[47.2103503,39.6026902],[47.2103503,39.6026902],[47.2103503,39.6026902],[47.2103503,39.6026902],[47.210375,39.6023501],[47.210375,39.6023501]]	2025-02-08 17:25:04.851	f	f
291	1	[[47.2103503,39.6026902],[47.2103503,39.6026902],[47.2103503,39.6026902],[47.2103503,39.6026902],[47.210375,39.6023501],[47.210375,39.6023501]]	2025-02-08 17:25:05.205	f	f
294	1	[[47.2103503,39.6026902],[47.2103503,39.6026902],[47.2103503,39.6026902],[47.2103503,39.6026902],[47.210375,39.6023501],[47.210375,39.6023501]]	2025-02-08 17:25:05.343	f	f
295	1	[[47.2103503,39.6026902],[47.2103503,39.6026902],[47.2103503,39.6026902],[47.2103503,39.6026902],[47.210375,39.6023501],[47.210375,39.6023501]]	2025-02-08 17:25:05.537	f	f
304	1	[[47.2103503,39.6026902],[47.2103503,39.6026902],[47.2103503,39.6026902],[47.2103503,39.6026902],[47.210375,39.6023501],[47.210375,39.6023501]]	2025-02-08 17:25:05.879	f	f
307	1	[[47.2103503,39.6026902],[47.2103503,39.6026902],[47.2103503,39.6026902],[47.2103503,39.6026902],[47.210375,39.6023501],[47.210375,39.6023501]]	2025-02-08 17:25:06.21	f	f
314	1	[[47.2103503,39.6026902],[47.2103503,39.6026902],[47.2103503,39.6026902],[47.2103503,39.6026902],[47.210375,39.6023501],[47.210375,39.6023501]]	2025-02-08 17:25:06.596	f	f
323	1	[[47.2103503,39.6026902],[47.2103503,39.6026902],[47.2103503,39.6026902],[47.2103503,39.6026902],[47.210375,39.6023501],[47.210375,39.6023501]]	2025-02-08 17:25:06.976	f	f
326	1	[[47.2103503,39.6026902],[47.2103503,39.6026902],[47.2103503,39.6026902],[47.2103503,39.6026902],[47.210375,39.6023501],[47.210375,39.6023501]]	2025-02-08 17:25:07.304	f	f
332	1	[[47.2103503,39.6026902],[47.2103503,39.6026902],[47.2103503,39.6026902],[47.2103503,39.6026902],[47.210375,39.6023501],[47.210375,39.6023501]]	2025-02-08 17:25:07.661	f	f
342	1	[[47.2103503,39.6026902],[47.2103503,39.6026902],[47.2103503,39.6026902],[47.2103503,39.6026902],[47.210375,39.6023501],[47.210375,39.6023501]]	2025-02-08 17:25:07.997	f	f
345	1	[[47.2103503,39.6026902],[47.2103503,39.6026902],[47.2103503,39.6026902],[47.2103503,39.6026902],[47.210375,39.6023501],[47.210375,39.6023501]]	2025-02-08 17:25:08.344	f	f
354	1	[[47.2103503,39.6026902],[47.2103503,39.6026902],[47.2103503,39.6026902],[47.2103503,39.6026902],[47.210375,39.6023501],[47.210375,39.6023501]]	2025-02-08 17:25:08.689	f	f
356	1	[[47.2103503,39.6026902],[47.2103503,39.6026902],[47.2103503,39.6026902],[47.2103503,39.6026902],[47.210375,39.6023501],[47.210375,39.6023501]]	2025-02-08 17:25:09.019	f	f
364	1	[[47.2103503,39.6026902],[47.2103503,39.6026902],[47.2103503,39.6026902],[47.2103503,39.6026902],[47.210375,39.6023501],[47.210375,39.6023501]]	2025-02-08 17:25:09.356	f	f
370	1	[[47.2103503,39.6026902],[47.2103503,39.6026902],[47.2103503,39.6026902],[47.2103503,39.6026902],[47.210375,39.6023501],[47.210375,39.6023501]]	2025-02-08 17:25:09.708	f	f
373	1	[[47.2103503,39.6026902],[47.2103503,39.6026902],[47.2103503,39.6026902],[47.2103503,39.6026902],[47.210375,39.6023501],[47.210375,39.6023501]]	2025-02-08 17:25:10.039	f	f
379	1	[[47.2103503,39.6026902],[47.2103503,39.6026902],[47.2103503,39.6026902],[47.2103503,39.6026902],[47.210375,39.6023501],[47.210375,39.6023501]]	2025-02-08 17:25:10.388	f	f
387	1	[[47.2103503,39.6026902],[47.2103503,39.6026902],[47.2103503,39.6026902],[47.2103503,39.6026902],[47.210375,39.6023501],[47.210375,39.6023501]]	2025-02-08 17:25:10.722	f	f
391	1	[[47.2103503,39.6026902],[47.2103503,39.6026902],[47.2103503,39.6026902],[47.2103503,39.6026902],[47.210375,39.6023501],[47.210375,39.6023501]]	2025-02-08 17:25:11.065	f	f
402	1	[[47.2103503,39.6026902],[47.2103503,39.6026902],[47.2103503,39.6026902],[47.2103503,39.6026902],[47.210375,39.6023501],[47.210375,39.6023501]]	2025-02-08 17:25:11.424	f	f
403	1	[[47.2103503,39.6026902],[47.2103503,39.6026902],[47.2103503,39.6026902],[47.2103503,39.6026902],[47.210375,39.6023501],[47.210375,39.6023501]]	2025-02-08 17:25:11.754	f	f
414	1	[[47.2103503,39.6026902],[47.2103503,39.6026902],[47.2103503,39.6026902],[47.2103503,39.6026902],[47.210375,39.6023501],[47.210375,39.6023501]]	2025-02-08 17:25:12.09	f	f
416	1	[[47.2103503,39.6026902],[47.2103503,39.6026902],[47.2103503,39.6026902],[47.2103503,39.6026902],[47.210375,39.6023501],[47.210375,39.6023501]]	2025-02-08 17:25:12.42	f	f
424	1	[[47.2103503,39.6026902],[47.2103503,39.6026902],[47.2103503,39.6026902],[47.2103503,39.6026902],[47.210375,39.6023501],[47.210375,39.6023501]]	2025-02-08 17:25:12.771	f	f
429	1	[[47.2103503,39.6026902],[47.2103503,39.6026902],[47.2103503,39.6026902],[47.2103503,39.6026902],[47.210375,39.6023501],[47.210375,39.6023501]]	2025-02-08 17:25:13.111	f	f
434	1	[[47.2103503,39.6026902],[47.2103503,39.6026902],[47.2103503,39.6026902],[47.2103503,39.6026902],[47.210375,39.6023501],[47.210375,39.6023501]]	2025-02-08 17:25:13.461	f	f
438	1	[[47.2103503,39.6026902],[47.2103503,39.6026902],[47.2103503,39.6026902],[47.2103503,39.6026902],[47.210375,39.6023501],[47.210375,39.6023501]]	2025-02-08 17:25:13.791	f	f
447	1	[[47.2103503,39.6026902],[47.2103503,39.6026902],[47.2103503,39.6026902],[47.2103503,39.6026902],[47.210375,39.6023501],[47.210375,39.6023501]]	2025-02-08 17:25:14.131	f	f
450	1	[[47.2103503,39.6026902],[47.2103503,39.6026902],[47.2103503,39.6026902],[47.2103503,39.6026902],[47.210375,39.6023501],[47.210375,39.6023501]]	2025-02-08 17:25:14.447	f	f
459	1	[[47.2103503,39.6026902],[47.2103503,39.6026902],[47.2103503,39.6026902],[47.2103503,39.6026902],[47.210375,39.6023501],[47.210375,39.6023501]]	2025-02-08 17:25:14.817	f	f
462	1	[[47.2103503,39.6026902],[47.2103503,39.6026902],[47.2103503,39.6026902],[47.2103503,39.6026902],[47.210375,39.6023501],[47.210375,39.6023501]]	2025-02-08 17:25:15.131	f	f
471	1	[[47.2103503,39.6026902],[47.2103503,39.6026902],[47.2103503,39.6026902],[47.2103503,39.6026902],[47.210375,39.6023501],[47.210375,39.6023501]]	2025-02-08 17:25:15.471	f	f
474	1	[[47.2103503,39.6026902],[47.2103503,39.6026902],[47.2103503,39.6026902],[47.2103503,39.6026902],[47.210375,39.6023501],[47.210375,39.6023501]]	2025-02-08 17:25:15.785	f	f
484	1	[[47.2103503,39.6026902],[47.2103503,39.6026902],[47.2103503,39.6026902],[47.2103503,39.6026902],[47.210375,39.6023501],[47.210375,39.6023501]]	2025-02-08 17:25:16.174	f	f
485	1	[[47.2103503,39.6026902],[47.2103503,39.6026902],[47.2103503,39.6026902],[47.2103503,39.6026902],[47.210375,39.6023501],[47.210375,39.6023501]]	2025-02-08 17:25:16.37	f	f
486	1	[[47.2103503,39.6026902],[47.2103503,39.6026902],[47.2103503,39.6026902],[47.2103503,39.6026902],[47.210375,39.6023501],[47.210375,39.6023501]]	2025-02-08 17:25:16.493	f	f
496	1	[[47.2103503,39.6026902],[47.2103503,39.6026902],[47.2103503,39.6026902],[47.2103503,39.6026902],[47.210375,39.6023501],[47.210375,39.6023501]]	2025-02-08 17:25:16.868	f	f
499	1	[[47.2103503,39.6026902],[47.2103503,39.6026902],[47.2103503,39.6026902],[47.2103503,39.6026902],[47.210375,39.6023501],[47.210375,39.6023501]]	2025-02-08 17:25:17.208	f	f
283	1	[[47.2103503,39.6026902],[47.2103503,39.6026902],[47.2103503,39.6026902],[47.2103503,39.6026902],[47.210375,39.6023501],[47.210375,39.6023501]]	2025-02-08 17:25:04.85	f	f
292	1	[[47.2103503,39.6026902],[47.2103503,39.6026902],[47.2103503,39.6026902],[47.2103503,39.6026902],[47.210375,39.6023501],[47.210375,39.6023501]]	2025-02-08 17:25:05.207	f	f
293	1	[[47.2103503,39.6026902],[47.2103503,39.6026902],[47.2103503,39.6026902],[47.2103503,39.6026902],[47.210375,39.6023501],[47.210375,39.6023501]]	2025-02-08 17:25:05.342	f	f
296	1	[[47.2103503,39.6026902],[47.2103503,39.6026902],[47.2103503,39.6026902],[47.2103503,39.6026902],[47.210375,39.6023501],[47.210375,39.6023501]]	2025-02-08 17:25:05.538	f	f
303	1	[[47.2103503,39.6026902],[47.2103503,39.6026902],[47.2103503,39.6026902],[47.2103503,39.6026902],[47.210375,39.6023501],[47.210375,39.6023501]]	2025-02-08 17:25:05.863	f	f
306	1	[[47.2103503,39.6026902],[47.2103503,39.6026902],[47.2103503,39.6026902],[47.2103503,39.6026902],[47.210375,39.6023501],[47.210375,39.6023501]]	2025-02-08 17:25:05.996	f	f
308	1	[[47.2103503,39.6026902],[47.2103503,39.6026902],[47.2103503,39.6026902],[47.2103503,39.6026902],[47.210375,39.6023501],[47.210375,39.6023501]]	2025-02-08 17:25:06.208	f	f
312	1	[[47.2103503,39.6026902],[47.2103503,39.6026902],[47.2103503,39.6026902],[47.2103503,39.6026902],[47.210375,39.6023501],[47.210375,39.6023501]]	2025-02-08 17:25:06.332	f	f
313	1	[[47.2103503,39.6026902],[47.2103503,39.6026902],[47.2103503,39.6026902],[47.2103503,39.6026902],[47.210375,39.6023501],[47.210375,39.6023501]]	2025-02-08 17:25:06.593	f	f
324	1	[[47.2103503,39.6026902],[47.2103503,39.6026902],[47.2103503,39.6026902],[47.2103503,39.6026902],[47.210375,39.6023501],[47.210375,39.6023501]]	2025-02-08 17:25:06.977	f	f
325	1	[[47.2103503,39.6026902],[47.2103503,39.6026902],[47.2103503,39.6026902],[47.2103503,39.6026902],[47.210375,39.6023501],[47.210375,39.6023501]]	2025-02-08 17:25:07.292	f	f
335	1	[[47.2103503,39.6026902],[47.2103503,39.6026902],[47.2103503,39.6026902],[47.2103503,39.6026902],[47.210375,39.6023501],[47.210375,39.6023501]]	2025-02-08 17:25:07.664	f	f
340	1	[[47.2103503,39.6026902],[47.2103503,39.6026902],[47.2103503,39.6026902],[47.2103503,39.6026902],[47.210375,39.6023501],[47.210375,39.6023501]]	2025-02-08 17:25:07.996	f	f
346	1	[[47.2103503,39.6026902],[47.2103503,39.6026902],[47.2103503,39.6026902],[47.2103503,39.6026902],[47.210375,39.6023501],[47.210375,39.6023501]]	2025-02-08 17:25:08.344	f	f
351	1	[[47.2103503,39.6026902],[47.2103503,39.6026902],[47.2103503,39.6026902],[47.2103503,39.6026902],[47.210375,39.6023501],[47.210375,39.6023501]]	2025-02-08 17:25:08.677	f	f
358	1	[[47.2103503,39.6026902],[47.2103503,39.6026902],[47.2103503,39.6026902],[47.2103503,39.6026902],[47.210375,39.6023501],[47.210375,39.6023501]]	2025-02-08 17:25:09.021	f	f
363	1	[[47.2103503,39.6026902],[47.2103503,39.6026902],[47.2103503,39.6026902],[47.2103503,39.6026902],[47.210375,39.6023501],[47.210375,39.6023501]]	2025-02-08 17:25:09.357	f	f
369	1	[[47.2103503,39.6026902],[47.2103503,39.6026902],[47.2103503,39.6026902],[47.2103503,39.6026902],[47.210375,39.6023501],[47.210375,39.6023501]]	2025-02-08 17:25:09.707	f	f
376	1	[[47.2103503,39.6026902],[47.2103503,39.6026902],[47.2103503,39.6026902],[47.2103503,39.6026902],[47.210375,39.6023501],[47.210375,39.6023501]]	2025-02-08 17:25:10.045	f	f
380	1	[[47.2103503,39.6026902],[47.2103503,39.6026902],[47.2103503,39.6026902],[47.2103503,39.6026902],[47.210375,39.6023501],[47.210375,39.6023501]]	2025-02-08 17:25:10.389	f	f
390	1	[[47.2103503,39.6026902],[47.2103503,39.6026902],[47.2103503,39.6026902],[47.2103503,39.6026902],[47.210375,39.6023501],[47.210375,39.6023501]]	2025-02-08 17:25:10.723	f	f
392	1	[[47.2103503,39.6026902],[47.2103503,39.6026902],[47.2103503,39.6026902],[47.2103503,39.6026902],[47.210375,39.6023501],[47.210375,39.6023501]]	2025-02-08 17:25:11.065	f	f
400	1	[[47.2103503,39.6026902],[47.2103503,39.6026902],[47.2103503,39.6026902],[47.2103503,39.6026902],[47.210375,39.6023501],[47.210375,39.6023501]]	2025-02-08 17:25:11.424	f	f
405	1	[[47.2103503,39.6026902],[47.2103503,39.6026902],[47.2103503,39.6026902],[47.2103503,39.6026902],[47.210375,39.6023501],[47.210375,39.6023501]]	2025-02-08 17:25:11.755	f	f
411	1	[[47.2103503,39.6026902],[47.2103503,39.6026902],[47.2103503,39.6026902],[47.2103503,39.6026902],[47.210375,39.6023501],[47.210375,39.6023501]]	2025-02-08 17:25:12.088	f	f
418	1	[[47.2103503,39.6026902],[47.2103503,39.6026902],[47.2103503,39.6026902],[47.2103503,39.6026902],[47.210375,39.6023501],[47.210375,39.6023501]]	2025-02-08 17:25:12.424	f	f
425	1	[[47.2103503,39.6026902],[47.2103503,39.6026902],[47.2103503,39.6026902],[47.2103503,39.6026902],[47.210375,39.6023501],[47.210375,39.6023501]]	2025-02-08 17:25:12.772	f	f
428	1	[[47.2103503,39.6026902],[47.2103503,39.6026902],[47.2103503,39.6026902],[47.2103503,39.6026902],[47.210375,39.6023501],[47.210375,39.6023501]]	2025-02-08 17:25:13.11	f	f
436	1	[[47.2103503,39.6026902],[47.2103503,39.6026902],[47.2103503,39.6026902],[47.2103503,39.6026902],[47.210375,39.6023501],[47.210375,39.6023501]]	2025-02-08 17:25:13.466	f	f
437	1	[[47.2103503,39.6026902],[47.2103503,39.6026902],[47.2103503,39.6026902],[47.2103503,39.6026902],[47.210375,39.6023501],[47.210375,39.6023501]]	2025-02-08 17:25:13.706	f	f
448	1	[[47.2103503,39.6026902],[47.2103503,39.6026902],[47.2103503,39.6026902],[47.2103503,39.6026902],[47.210375,39.6023501],[47.210375,39.6023501]]	2025-02-08 17:25:14.132	f	f
449	1	[[47.2103503,39.6026902],[47.2103503,39.6026902],[47.2103503,39.6026902],[47.2103503,39.6026902],[47.210375,39.6023501],[47.210375,39.6023501]]	2025-02-08 17:25:14.374	f	f
460	1	[[47.2103503,39.6026902],[47.2103503,39.6026902],[47.2103503,39.6026902],[47.2103503,39.6026902],[47.210375,39.6023501],[47.210375,39.6023501]]	2025-02-08 17:25:14.818	f	f
461	1	[[47.2103503,39.6026902],[47.2103503,39.6026902],[47.2103503,39.6026902],[47.2103503,39.6026902],[47.210375,39.6023501],[47.210375,39.6023501]]	2025-02-08 17:25:15.041	f	f
472	1	[[47.2103503,39.6026902],[47.2103503,39.6026902],[47.2103503,39.6026902],[47.2103503,39.6026902],[47.210375,39.6023501],[47.210375,39.6023501]]	2025-02-08 17:25:15.471	f	f
473	1	[[47.2103503,39.6026902],[47.2103503,39.6026902],[47.2103503,39.6026902],[47.2103503,39.6026902],[47.210375,39.6023501],[47.210375,39.6023501]]	2025-02-08 17:25:15.71	f	f
568	1	[[47.2103503,39.6026902],[47.2103503,39.6026902],[47.2103503,39.6026902],[47.2103503,39.6026902],[47.210375,39.6023501],[47.210375,39.6023501]]	2025-02-08 17:25:20.936	f	f
569	1	[[47.2103503,39.6026902],[47.2103503,39.6026902],[47.2103503,39.6026902],[47.2103503,39.6026902],[47.210375,39.6023501],[47.210375,39.6023501]]	2025-02-08 17:25:21.166	f	f
704	1	[[47.2103503,39.6026902],[47.2103503,39.6026902],[47.2103503,39.6026902],[47.2103503,39.6026902],[47.210375,39.6023501],[47.210375,39.6023501]]	2025-02-08 17:25:28.973	f	f
706	1	[[47.2103503,39.6026902],[47.2103503,39.6026902],[47.2103503,39.6026902],[47.2103503,39.6026902],[47.210375,39.6023501],[47.210375,39.6023501]]	2025-02-08 17:25:29.349	f	f
288	1	[[47.2103503,39.6026902],[47.2103503,39.6026902],[47.2103503,39.6026902],[47.2103503,39.6026902],[47.210375,39.6023501],[47.210375,39.6023501]]	2025-02-08 17:25:04.992	f	f
290	1	[[47.2103503,39.6026902],[47.2103503,39.6026902],[47.2103503,39.6026902],[47.2103503,39.6026902],[47.210375,39.6023501],[47.210375,39.6023501]]	2025-02-08 17:25:05.204	f	f
298	1	[[47.2103503,39.6026902],[47.2103503,39.6026902],[47.2103503,39.6026902],[47.2103503,39.6026902],[47.210375,39.6023501],[47.210375,39.6023501]]	2025-02-08 17:25:05.541	f	f
300	1	[[47.2103503,39.6026902],[47.2103503,39.6026902],[47.2103503,39.6026902],[47.2103503,39.6026902],[47.210375,39.6023501],[47.210375,39.6023501]]	2025-02-08 17:25:05.675	f	f
302	1	[[47.2103503,39.6026902],[47.2103503,39.6026902],[47.2103503,39.6026902],[47.2103503,39.6026902],[47.210375,39.6023501],[47.210375,39.6023501]]	2025-02-08 17:25:05.863	f	f
310	1	[[47.2103503,39.6026902],[47.2103503,39.6026902],[47.2103503,39.6026902],[47.2103503,39.6026902],[47.210375,39.6023501],[47.210375,39.6023501]]	2025-02-08 17:25:06.211	f	f
311	1	[[47.2103503,39.6026902],[47.2103503,39.6026902],[47.2103503,39.6026902],[47.2103503,39.6026902],[47.210375,39.6023501],[47.210375,39.6023501]]	2025-02-08 17:25:06.33	f	f
316	1	[[47.2103503,39.6026902],[47.2103503,39.6026902],[47.2103503,39.6026902],[47.2103503,39.6026902],[47.210375,39.6023501],[47.210375,39.6023501]]	2025-02-08 17:25:06.595	f	f
322	1	[[47.2103503,39.6026902],[47.2103503,39.6026902],[47.2103503,39.6026902],[47.2103503,39.6026902],[47.210375,39.6023501],[47.210375,39.6023501]]	2025-02-08 17:25:06.951	f	f
328	1	[[47.2103503,39.6026902],[47.2103503,39.6026902],[47.2103503,39.6026902],[47.2103503,39.6026902],[47.210375,39.6023501],[47.210375,39.6023501]]	2025-02-08 17:25:07.306	f	f
333	1	[[47.2103503,39.6026902],[47.2103503,39.6026902],[47.2103503,39.6026902],[47.2103503,39.6026902],[47.210375,39.6023501],[47.210375,39.6023501]]	2025-02-08 17:25:07.661	f	f
341	1	[[47.2103503,39.6026902],[47.2103503,39.6026902],[47.2103503,39.6026902],[47.2103503,39.6026902],[47.210375,39.6023501],[47.210375,39.6023501]]	2025-02-08 17:25:07.996	f	f
344	1	[[47.2103503,39.6026902],[47.2103503,39.6026902],[47.2103503,39.6026902],[47.2103503,39.6026902],[47.210375,39.6023501],[47.210375,39.6023501]]	2025-02-08 17:25:08.343	f	f
349	1	[[47.2103503,39.6026902],[47.2103503,39.6026902],[47.2103503,39.6026902],[47.2103503,39.6026902],[47.210375,39.6023501],[47.210375,39.6023501]]	2025-02-08 17:25:08.674	f	f
360	1	[[47.2103503,39.6026902],[47.2103503,39.6026902],[47.2103503,39.6026902],[47.2103503,39.6026902],[47.210375,39.6023501],[47.210375,39.6023501]]	2025-02-08 17:25:09.024	f	f
362	1	[[47.2103503,39.6026902],[47.2103503,39.6026902],[47.2103503,39.6026902],[47.2103503,39.6026902],[47.210375,39.6023501],[47.210375,39.6023501]]	2025-02-08 17:25:09.356	f	f
371	1	[[47.2103503,39.6026902],[47.2103503,39.6026902],[47.2103503,39.6026902],[47.2103503,39.6026902],[47.210375,39.6023501],[47.210375,39.6023501]]	2025-02-08 17:25:09.707	f	f
374	1	[[47.2103503,39.6026902],[47.2103503,39.6026902],[47.2103503,39.6026902],[47.2103503,39.6026902],[47.210375,39.6023501],[47.210375,39.6023501]]	2025-02-08 17:25:10.044	f	f
384	1	[[47.2103503,39.6026902],[47.2103503,39.6026902],[47.2103503,39.6026902],[47.2103503,39.6026902],[47.210375,39.6023501],[47.210375,39.6023501]]	2025-02-08 17:25:10.402	f	f
389	1	[[47.2103503,39.6026902],[47.2103503,39.6026902],[47.2103503,39.6026902],[47.2103503,39.6026902],[47.210375,39.6023501],[47.210375,39.6023501]]	2025-02-08 17:25:10.722	f	f
396	1	[[47.2103503,39.6026902],[47.2103503,39.6026902],[47.2103503,39.6026902],[47.2103503,39.6026902],[47.210375,39.6023501],[47.210375,39.6023501]]	2025-02-08 17:25:11.084	f	f
401	1	[[47.2103503,39.6026902],[47.2103503,39.6026902],[47.2103503,39.6026902],[47.2103503,39.6026902],[47.210375,39.6023501],[47.210375,39.6023501]]	2025-02-08 17:25:11.423	f	f
408	1	[[47.2103503,39.6026902],[47.2103503,39.6026902],[47.2103503,39.6026902],[47.2103503,39.6026902],[47.210375,39.6023501],[47.210375,39.6023501]]	2025-02-08 17:25:11.756	f	f
412	1	[[47.2103503,39.6026902],[47.2103503,39.6026902],[47.2103503,39.6026902],[47.2103503,39.6026902],[47.210375,39.6023501],[47.210375,39.6023501]]	2025-02-08 17:25:12.088	f	f
417	1	[[47.2103503,39.6026902],[47.2103503,39.6026902],[47.2103503,39.6026902],[47.2103503,39.6026902],[47.210375,39.6023501],[47.210375,39.6023501]]	2025-02-08 17:25:12.423	f	f
423	1	[[47.2103503,39.6026902],[47.2103503,39.6026902],[47.2103503,39.6026902],[47.2103503,39.6026902],[47.210375,39.6023501],[47.210375,39.6023501]]	2025-02-08 17:25:12.77	f	f
430	1	[[47.2103503,39.6026902],[47.2103503,39.6026902],[47.2103503,39.6026902],[47.2103503,39.6026902],[47.210375,39.6023501],[47.210375,39.6023501]]	2025-02-08 17:25:13.121	f	f
435	1	[[47.2103503,39.6026902],[47.2103503,39.6026902],[47.2103503,39.6026902],[47.2103503,39.6026902],[47.210375,39.6023501],[47.210375,39.6023501]]	2025-02-08 17:25:13.462	f	f
439	1	[[47.2103503,39.6026902],[47.2103503,39.6026902],[47.2103503,39.6026902],[47.2103503,39.6026902],[47.210375,39.6023501],[47.210375,39.6023501]]	2025-02-08 17:25:13.792	f	f
446	1	[[47.2103503,39.6026902],[47.2103503,39.6026902],[47.2103503,39.6026902],[47.2103503,39.6026902],[47.210375,39.6023501],[47.210375,39.6023501]]	2025-02-08 17:25:14.116	f	f
453	1	[[47.2103503,39.6026902],[47.2103503,39.6026902],[47.2103503,39.6026902],[47.2103503,39.6026902],[47.210375,39.6023501],[47.210375,39.6023501]]	2025-02-08 17:25:14.457	f	f
456	1	[[47.2103503,39.6026902],[47.2103503,39.6026902],[47.2103503,39.6026902],[47.2103503,39.6026902],[47.210375,39.6023501],[47.210375,39.6023501]]	2025-02-08 17:25:14.803	f	f
465	1	[[47.2103503,39.6026902],[47.2103503,39.6026902],[47.2103503,39.6026902],[47.2103503,39.6026902],[47.210375,39.6023501],[47.210375,39.6023501]]	2025-02-08 17:25:15.14	f	f
468	1	[[47.2103503,39.6026902],[47.2103503,39.6026902],[47.2103503,39.6026902],[47.2103503,39.6026902],[47.210375,39.6023501],[47.210375,39.6023501]]	2025-02-08 17:25:15.46	f	f
478	1	[[47.2103503,39.6026902],[47.2103503,39.6026902],[47.2103503,39.6026902],[47.2103503,39.6026902],[47.210375,39.6023501],[47.210375,39.6023501]]	2025-02-08 17:25:15.803	f	f
479	1	[[47.2103503,39.6026902],[47.2103503,39.6026902],[47.2103503,39.6026902],[47.2103503,39.6026902],[47.210375,39.6023501],[47.210375,39.6023501]]	2025-02-08 17:25:16.04	f	f
482	1	[[47.2103503,39.6026902],[47.2103503,39.6026902],[47.2103503,39.6026902],[47.2103503,39.6026902],[47.210375,39.6023501],[47.210375,39.6023501]]	2025-02-08 17:25:16.165	f	f
489	1	[[47.2103503,39.6026902],[47.2103503,39.6026902],[47.2103503,39.6026902],[47.2103503,39.6026902],[47.210375,39.6023501],[47.210375,39.6023501]]	2025-02-08 17:25:16.521	f	f
493	1	[[47.2103503,39.6026902],[47.2103503,39.6026902],[47.2103503,39.6026902],[47.2103503,39.6026902],[47.210375,39.6023501],[47.210375,39.6023501]]	2025-02-08 17:25:16.85	f	f
502	1	[[47.2103503,39.6026902],[47.2103503,39.6026902],[47.2103503,39.6026902],[47.2103503,39.6026902],[47.210375,39.6023501],[47.210375,39.6023501]]	2025-02-08 17:25:17.21	f	f
348	1	[[47.2103503,39.6026902],[47.2103503,39.6026902],[47.2103503,39.6026902],[47.2103503,39.6026902],[47.210375,39.6023501],[47.210375,39.6023501]]	2025-02-08 17:25:08.345	f	f
352	1	[[47.2103503,39.6026902],[47.2103503,39.6026902],[47.2103503,39.6026902],[47.2103503,39.6026902],[47.210375,39.6023501],[47.210375,39.6023501]]	2025-02-08 17:25:08.688	f	f
357	1	[[47.2103503,39.6026902],[47.2103503,39.6026902],[47.2103503,39.6026902],[47.2103503,39.6026902],[47.210375,39.6023501],[47.210375,39.6023501]]	2025-02-08 17:25:09.02	f	f
365	1	[[47.2103503,39.6026902],[47.2103503,39.6026902],[47.2103503,39.6026902],[47.2103503,39.6026902],[47.210375,39.6023501],[47.210375,39.6023501]]	2025-02-08 17:25:09.358	f	f
367	1	[[47.2103503,39.6026902],[47.2103503,39.6026902],[47.2103503,39.6026902],[47.2103503,39.6026902],[47.210375,39.6023501],[47.210375,39.6023501]]	2025-02-08 17:25:09.706	f	f
377	1	[[47.2103503,39.6026902],[47.2103503,39.6026902],[47.2103503,39.6026902],[47.2103503,39.6026902],[47.210375,39.6023501],[47.210375,39.6023501]]	2025-02-08 17:25:10.046	f	f
381	1	[[47.2103503,39.6026902],[47.2103503,39.6026902],[47.2103503,39.6026902],[47.2103503,39.6026902],[47.210375,39.6023501],[47.210375,39.6023501]]	2025-02-08 17:25:10.389	f	f
385	1	[[47.2103503,39.6026902],[47.2103503,39.6026902],[47.2103503,39.6026902],[47.2103503,39.6026902],[47.210375,39.6023501],[47.210375,39.6023501]]	2025-02-08 17:25:10.721	f	f
393	1	[[47.2103503,39.6026902],[47.2103503,39.6026902],[47.2103503,39.6026902],[47.2103503,39.6026902],[47.210375,39.6023501],[47.210375,39.6023501]]	2025-02-08 17:25:11.066	f	f
397	1	[[47.2103503,39.6026902],[47.2103503,39.6026902],[47.2103503,39.6026902],[47.2103503,39.6026902],[47.210375,39.6023501],[47.210375,39.6023501]]	2025-02-08 17:25:11.422	f	f
406	1	[[47.2103503,39.6026902],[47.2103503,39.6026902],[47.2103503,39.6026902],[47.2103503,39.6026902],[47.210375,39.6023501],[47.210375,39.6023501]]	2025-02-08 17:25:11.756	f	f
409	1	[[47.2103503,39.6026902],[47.2103503,39.6026902],[47.2103503,39.6026902],[47.2103503,39.6026902],[47.210375,39.6023501],[47.210375,39.6023501]]	2025-02-08 17:25:12.087	f	f
419	1	[[47.2103503,39.6026902],[47.2103503,39.6026902],[47.2103503,39.6026902],[47.2103503,39.6026902],[47.210375,39.6023501],[47.210375,39.6023501]]	2025-02-08 17:25:12.424	f	f
422	1	[[47.2103503,39.6026902],[47.2103503,39.6026902],[47.2103503,39.6026902],[47.2103503,39.6026902],[47.210375,39.6023501],[47.210375,39.6023501]]	2025-02-08 17:25:12.762	f	f
432	1	[[47.2103503,39.6026902],[47.2103503,39.6026902],[47.2103503,39.6026902],[47.2103503,39.6026902],[47.210375,39.6023501],[47.210375,39.6023501]]	2025-02-08 17:25:13.447	f	f
441	1	[[47.2103503,39.6026902],[47.2103503,39.6026902],[47.2103503,39.6026902],[47.2103503,39.6026902],[47.210375,39.6023501],[47.210375,39.6023501]]	2025-02-08 17:25:13.807	f	f
444	1	[[47.2103503,39.6026902],[47.2103503,39.6026902],[47.2103503,39.6026902],[47.2103503,39.6026902],[47.210375,39.6023501],[47.210375,39.6023501]]	2025-02-08 17:25:14.114	f	f
451	1	[[47.2103503,39.6026902],[47.2103503,39.6026902],[47.2103503,39.6026902],[47.2103503,39.6026902],[47.210375,39.6023501],[47.210375,39.6023501]]	2025-02-08 17:25:14.456	f	f
458	1	[[47.2103503,39.6026902],[47.2103503,39.6026902],[47.2103503,39.6026902],[47.2103503,39.6026902],[47.210375,39.6023501],[47.210375,39.6023501]]	2025-02-08 17:25:14.816	f	f
463	1	[[47.2103503,39.6026902],[47.2103503,39.6026902],[47.2103503,39.6026902],[47.2103503,39.6026902],[47.210375,39.6023501],[47.210375,39.6023501]]	2025-02-08 17:25:15.138	f	f
470	1	[[47.2103503,39.6026902],[47.2103503,39.6026902],[47.2103503,39.6026902],[47.2103503,39.6026902],[47.210375,39.6023501],[47.210375,39.6023501]]	2025-02-08 17:25:15.47	f	f
475	1	[[47.2103503,39.6026902],[47.2103503,39.6026902],[47.2103503,39.6026902],[47.2103503,39.6026902],[47.210375,39.6023501],[47.210375,39.6023501]]	2025-02-08 17:25:15.787	f	f
483	1	[[47.2103503,39.6026902],[47.2103503,39.6026902],[47.2103503,39.6026902],[47.2103503,39.6026902],[47.210375,39.6023501],[47.210375,39.6023501]]	2025-02-08 17:25:16.173	f	f
487	1	[[47.2103503,39.6026902],[47.2103503,39.6026902],[47.2103503,39.6026902],[47.2103503,39.6026902],[47.210375,39.6023501],[47.210375,39.6023501]]	2025-02-08 17:25:16.499	f	f
494	1	[[47.2103503,39.6026902],[47.2103503,39.6026902],[47.2103503,39.6026902],[47.2103503,39.6026902],[47.210375,39.6023501],[47.210375,39.6023501]]	2025-02-08 17:25:16.867	f	f
498	1	[[47.2103503,39.6026902],[47.2103503,39.6026902],[47.2103503,39.6026902],[47.2103503,39.6026902],[47.210375,39.6023501],[47.210375,39.6023501]]	2025-02-08 17:25:17.207	f	f
508	1	[[47.2103503,39.6026902],[47.2103503,39.6026902],[47.2103503,39.6026902],[47.2103503,39.6026902],[47.210375,39.6023501],[47.210375,39.6023501]]	2025-02-08 17:25:17.553	f	f
509	1	[[47.2103503,39.6026902],[47.2103503,39.6026902],[47.2103503,39.6026902],[47.2103503,39.6026902],[47.210375,39.6023501],[47.210375,39.6023501]]	2025-02-08 17:25:17.746	f	f
510	1	[[47.2103503,39.6026902],[47.2103503,39.6026902],[47.2103503,39.6026902],[47.2103503,39.6026902],[47.210375,39.6023501],[47.210375,39.6023501]]	2025-02-08 17:25:17.864	f	f
520	1	[[47.2103503,39.6026902],[47.2103503,39.6026902],[47.2103503,39.6026902],[47.2103503,39.6026902],[47.210375,39.6023501],[47.210375,39.6023501]]	2025-02-08 17:25:18.208	f	f
521	1	[[47.2103503,39.6026902],[47.2103503,39.6026902],[47.2103503,39.6026902],[47.2103503,39.6026902],[47.210375,39.6023501],[47.210375,39.6023501]]	2025-02-08 17:25:18.398	f	f
522	1	[[47.2103503,39.6026902],[47.2103503,39.6026902],[47.2103503,39.6026902],[47.2103503,39.6026902],[47.210375,39.6023501],[47.210375,39.6023501]]	2025-02-08 17:25:18.536	f	f
531	1	[[47.2103503,39.6026902],[47.2103503,39.6026902],[47.2103503,39.6026902],[47.2103503,39.6026902],[47.210375,39.6023501],[47.210375,39.6023501]]	2025-02-08 17:25:18.897	f	f
535	1	[[47.2103503,39.6026902],[47.2103503,39.6026902],[47.2103503,39.6026902],[47.2103503,39.6026902],[47.210375,39.6023501],[47.210375,39.6023501]]	2025-02-08 17:25:19.233	f	f
540	1	[[47.2103503,39.6026902],[47.2103503,39.6026902],[47.2103503,39.6026902],[47.2103503,39.6026902],[47.210375,39.6023501],[47.210375,39.6023501]]	2025-02-08 17:25:19.571	f	f
547	1	[[47.2103503,39.6026902],[47.2103503,39.6026902],[47.2103503,39.6026902],[47.2103503,39.6026902],[47.210375,39.6023501],[47.210375,39.6023501]]	2025-02-08 17:25:19.902	f	f
556	1	[[47.2103503,39.6026902],[47.2103503,39.6026902],[47.2103503,39.6026902],[47.2103503,39.6026902],[47.210375,39.6023501],[47.210375,39.6023501]]	2025-02-08 17:25:20.255	f	f
557	1	[[47.2103503,39.6026902],[47.2103503,39.6026902],[47.2103503,39.6026902],[47.2103503,39.6026902],[47.210375,39.6023501],[47.210375,39.6023501]]	2025-02-08 17:25:20.471	f	f
558	1	[[47.2103503,39.6026902],[47.2103503,39.6026902],[47.2103503,39.6026902],[47.2103503,39.6026902],[47.210375,39.6023501],[47.210375,39.6023501]]	2025-02-08 17:25:20.603	f	f
566	1	[[47.2103503,39.6026902],[47.2103503,39.6026902],[47.2103503,39.6026902],[47.2103503,39.6026902],[47.210375,39.6023501],[47.210375,39.6023501]]	2025-02-08 17:25:20.934	f	f
477	1	[[47.2103503,39.6026902],[47.2103503,39.6026902],[47.2103503,39.6026902],[47.2103503,39.6026902],[47.210375,39.6023501],[47.210375,39.6023501]]	2025-02-08 17:25:15.802	f	f
480	1	[[47.2103503,39.6026902],[47.2103503,39.6026902],[47.2103503,39.6026902],[47.2103503,39.6026902],[47.210375,39.6023501],[47.210375,39.6023501]]	2025-02-08 17:25:16.146	f	f
490	1	[[47.2103503,39.6026902],[47.2103503,39.6026902],[47.2103503,39.6026902],[47.2103503,39.6026902],[47.210375,39.6023501],[47.210375,39.6023501]]	2025-02-08 17:25:16.525	f	f
491	1	[[47.2103503,39.6026902],[47.2103503,39.6026902],[47.2103503,39.6026902],[47.2103503,39.6026902],[47.210375,39.6023501],[47.210375,39.6023501]]	2025-02-08 17:25:16.703	f	f
492	1	[[47.2103503,39.6026902],[47.2103503,39.6026902],[47.2103503,39.6026902],[47.2103503,39.6026902],[47.210375,39.6023501],[47.210375,39.6023501]]	2025-02-08 17:25:16.848	f	f
501	1	[[47.2103503,39.6026902],[47.2103503,39.6026902],[47.2103503,39.6026902],[47.2103503,39.6026902],[47.210375,39.6023501],[47.210375,39.6023501]]	2025-02-08 17:25:17.21	f	f
505	1	[[47.2103503,39.6026902],[47.2103503,39.6026902],[47.2103503,39.6026902],[47.2103503,39.6026902],[47.210375,39.6023501],[47.210375,39.6023501]]	2025-02-08 17:25:17.54	f	f
513	1	[[47.2103503,39.6026902],[47.2103503,39.6026902],[47.2103503,39.6026902],[47.2103503,39.6026902],[47.210375,39.6023501],[47.210375,39.6023501]]	2025-02-08 17:25:17.875	f	f
517	1	[[47.2103503,39.6026902],[47.2103503,39.6026902],[47.2103503,39.6026902],[47.2103503,39.6026902],[47.210375,39.6023501],[47.210375,39.6023501]]	2025-02-08 17:25:18.185	f	f
526	1	[[47.2103503,39.6026902],[47.2103503,39.6026902],[47.2103503,39.6026902],[47.2103503,39.6026902],[47.210375,39.6023501],[47.210375,39.6023501]]	2025-02-08 17:25:18.539	f	f
527	1	[[47.2103503,39.6026902],[47.2103503,39.6026902],[47.2103503,39.6026902],[47.2103503,39.6026902],[47.210375,39.6023501],[47.210375,39.6023501]]	2025-02-08 17:25:18.759	f	f
528	1	[[47.2103503,39.6026902],[47.2103503,39.6026902],[47.2103503,39.6026902],[47.2103503,39.6026902],[47.210375,39.6023501],[47.210375,39.6023501]]	2025-02-08 17:25:18.892	f	f
538	1	[[47.2103503,39.6026902],[47.2103503,39.6026902],[47.2103503,39.6026902],[47.2103503,39.6026902],[47.210375,39.6023501],[47.210375,39.6023501]]	2025-02-08 17:25:19.239	f	f
539	1	[[47.2103503,39.6026902],[47.2103503,39.6026902],[47.2103503,39.6026902],[47.2103503,39.6026902],[47.210375,39.6023501],[47.210375,39.6023501]]	2025-02-08 17:25:19.427	f	f
542	1	[[47.2103503,39.6026902],[47.2103503,39.6026902],[47.2103503,39.6026902],[47.2103503,39.6026902],[47.210375,39.6023501],[47.210375,39.6023501]]	2025-02-08 17:25:19.571	f	f
549	1	[[47.2103503,39.6026902],[47.2103503,39.6026902],[47.2103503,39.6026902],[47.2103503,39.6026902],[47.210375,39.6023501],[47.210375,39.6023501]]	2025-02-08 17:25:19.903	f	f
553	1	[[47.2103503,39.6026902],[47.2103503,39.6026902],[47.2103503,39.6026902],[47.2103503,39.6026902],[47.210375,39.6023501],[47.210375,39.6023501]]	2025-02-08 17:25:20.254	f	f
561	1	[[47.2103503,39.6026902],[47.2103503,39.6026902],[47.2103503,39.6026902],[47.2103503,39.6026902],[47.210375,39.6023501],[47.210375,39.6023501]]	2025-02-08 17:25:20.607	f	f
564	1	[[47.2103503,39.6026902],[47.2103503,39.6026902],[47.2103503,39.6026902],[47.2103503,39.6026902],[47.210375,39.6023501],[47.210375,39.6023501]]	2025-02-08 17:25:20.92	f	f
573	1	[[47.2103503,39.6026902],[47.2103503,39.6026902],[47.2103503,39.6026902],[47.2103503,39.6026902],[47.210375,39.6023501],[47.210375,39.6023501]]	2025-02-08 17:25:21.268	f	f
577	1	[[47.2103503,39.6026902],[47.2103503,39.6026902],[47.2103503,39.6026902],[47.2103503,39.6026902],[47.210375,39.6023501],[47.210375,39.6023501]]	2025-02-08 17:25:21.612	f	f
585	1	[[47.2103503,39.6026902],[47.2103503,39.6026902],[47.2103503,39.6026902],[47.2103503,39.6026902],[47.210375,39.6023501],[47.210375,39.6023501]]	2025-02-08 17:25:21.961	f	f
588	1	[[47.2103503,39.6026902],[47.2103503,39.6026902],[47.2103503,39.6026902],[47.2103503,39.6026902],[47.210375,39.6023501],[47.210375,39.6023501]]	2025-02-08 17:25:22.294	f	f
597	1	[[47.2103503,39.6026902],[47.2103503,39.6026902],[47.2103503,39.6026902],[47.2103503,39.6026902],[47.210375,39.6023501],[47.210375,39.6023501]]	2025-02-08 17:25:22.652	f	f
601	1	[[47.2103503,39.6026902],[47.2103503,39.6026902],[47.2103503,39.6026902],[47.2103503,39.6026902],[47.210375,39.6023501],[47.210375,39.6023501]]	2025-02-08 17:25:22.996	f	f
609	1	[[47.2103503,39.6026902],[47.2103503,39.6026902],[47.2103503,39.6026902],[47.2103503,39.6026902],[47.210375,39.6023501],[47.210375,39.6023501]]	2025-02-08 17:25:23.357	f	f
614	1	[[47.2103503,39.6026902],[47.2103503,39.6026902],[47.2103503,39.6026902],[47.2103503,39.6026902],[47.210375,39.6023501],[47.210375,39.6023501]]	2025-02-08 17:25:23.72	f	f
620	1	[[47.2103503,39.6026902],[47.2103503,39.6026902],[47.2103503,39.6026902],[47.2103503,39.6026902],[47.210375,39.6023501],[47.210375,39.6023501]]	2025-02-08 17:25:24.045	f	f
625	1	[[47.2103503,39.6026902],[47.2103503,39.6026902],[47.2103503,39.6026902],[47.2103503,39.6026902],[47.210375,39.6023501],[47.210375,39.6023501]]	2025-02-08 17:25:24.364	f	f
633	1	[[47.2103503,39.6026902],[47.2103503,39.6026902],[47.2103503,39.6026902],[47.2103503,39.6026902],[47.210375,39.6023501],[47.210375,39.6023501]]	2025-02-08 17:25:24.698	f	f
637	1	[[47.2103503,39.6026902],[47.2103503,39.6026902],[47.2103503,39.6026902],[47.2103503,39.6026902],[47.210375,39.6023501],[47.210375,39.6023501]]	2025-02-08 17:25:25.04	f	f
645	1	[[47.2103503,39.6026902],[47.2103503,39.6026902],[47.2103503,39.6026902],[47.2103503,39.6026902],[47.210375,39.6023501],[47.210375,39.6023501]]	2025-02-08 17:25:25.4	f	f
648	1	[[47.2103503,39.6026902],[47.2103503,39.6026902],[47.2103503,39.6026902],[47.2103503,39.6026902],[47.210375,39.6023501],[47.210375,39.6023501]]	2025-02-08 17:25:25.713	f	f
690	1	[[47.2103503,39.6026902],[47.2103503,39.6026902],[47.2103503,39.6026902],[47.2103503,39.6026902],[47.210375,39.6023501],[47.210375,39.6023501]]	2025-02-08 17:25:28.06	f	f
691	1	[[47.2103503,39.6026902],[47.2103503,39.6026902],[47.2103503,39.6026902],[47.2103503,39.6026902],[47.210375,39.6023501],[47.210375,39.6023501]]	2025-02-08 17:25:28.193	f	f
694	1	[[47.2103503,39.6026902],[47.2103503,39.6026902],[47.2103503,39.6026902],[47.2103503,39.6026902],[47.210375,39.6023501],[47.210375,39.6023501]]	2025-02-08 17:25:28.456	f	f
698	1	[[47.2103503,39.6026902],[47.2103503,39.6026902],[47.2103503,39.6026902],[47.2103503,39.6026902],[47.210375,39.6023501],[47.210375,39.6023501]]	2025-02-08 17:25:28.631	f	f
699	1	[[47.2103503,39.6026902],[47.2103503,39.6026902],[47.2103503,39.6026902],[47.2103503,39.6026902],[47.210375,39.6023501],[47.210375,39.6023501]]	2025-02-08 17:25:28.89	f	f
710	1	[[47.2103503,39.6026902],[47.2103503,39.6026902],[47.2103503,39.6026902],[47.2103503,39.6026902],[47.210375,39.6023501],[47.210375,39.6023501]]	2025-02-08 17:25:29.373	f	f
711	1	[[47.2103503,39.6026902],[47.2103503,39.6026902],[47.2103503,39.6026902],[47.2103503,39.6026902],[47.210375,39.6023501],[47.210375,39.6023501]]	2025-02-08 17:25:29.709	f	f
503	1	[[47.2103503,39.6026902],[47.2103503,39.6026902],[47.2103503,39.6026902],[47.2103503,39.6026902],[47.210375,39.6023501],[47.210375,39.6023501]]	2025-02-08 17:25:17.392	f	f
504	1	[[47.2103503,39.6026902],[47.2103503,39.6026902],[47.2103503,39.6026902],[47.2103503,39.6026902],[47.210375,39.6023501],[47.210375,39.6023501]]	2025-02-08 17:25:17.539	f	f
514	1	[[47.2103503,39.6026902],[47.2103503,39.6026902],[47.2103503,39.6026902],[47.2103503,39.6026902],[47.210375,39.6023501],[47.210375,39.6023501]]	2025-02-08 17:25:17.887	f	f
515	1	[[47.2103503,39.6026902],[47.2103503,39.6026902],[47.2103503,39.6026902],[47.2103503,39.6026902],[47.210375,39.6023501],[47.210375,39.6023501]]	2025-02-08 17:25:18.073	f	f
518	1	[[47.2103503,39.6026902],[47.2103503,39.6026902],[47.2103503,39.6026902],[47.2103503,39.6026902],[47.210375,39.6023501],[47.210375,39.6023501]]	2025-02-08 17:25:18.195	f	f
525	1	[[47.2103503,39.6026902],[47.2103503,39.6026902],[47.2103503,39.6026902],[47.2103503,39.6026902],[47.210375,39.6023501],[47.210375,39.6023501]]	2025-02-08 17:25:18.538	f	f
530	1	[[47.2103503,39.6026902],[47.2103503,39.6026902],[47.2103503,39.6026902],[47.2103503,39.6026902],[47.210375,39.6023501],[47.210375,39.6023501]]	2025-02-08 17:25:18.893	f	f
537	1	[[47.2103503,39.6026902],[47.2103503,39.6026902],[47.2103503,39.6026902],[47.2103503,39.6026902],[47.210375,39.6023501],[47.210375,39.6023501]]	2025-02-08 17:25:19.238	f	f
544	1	[[47.2103503,39.6026902],[47.2103503,39.6026902],[47.2103503,39.6026902],[47.2103503,39.6026902],[47.210375,39.6023501],[47.210375,39.6023501]]	2025-02-08 17:25:19.572	f	f
545	1	[[47.2103503,39.6026902],[47.2103503,39.6026902],[47.2103503,39.6026902],[47.2103503,39.6026902],[47.210375,39.6023501],[47.210375,39.6023501]]	2025-02-08 17:25:19.773	f	f
550	1	[[47.2103503,39.6026902],[47.2103503,39.6026902],[47.2103503,39.6026902],[47.2103503,39.6026902],[47.210375,39.6023501],[47.210375,39.6023501]]	2025-02-08 17:25:19.903	f	f
551	1	[[47.2103503,39.6026902],[47.2103503,39.6026902],[47.2103503,39.6026902],[47.2103503,39.6026902],[47.210375,39.6023501],[47.210375,39.6023501]]	2025-02-08 17:25:20.108	f	f
552	1	[[47.2103503,39.6026902],[47.2103503,39.6026902],[47.2103503,39.6026902],[47.2103503,39.6026902],[47.210375,39.6023501],[47.210375,39.6023501]]	2025-02-08 17:25:20.25	f	f
562	1	[[47.2103503,39.6026902],[47.2103503,39.6026902],[47.2103503,39.6026902],[47.2103503,39.6026902],[47.210375,39.6023501],[47.210375,39.6023501]]	2025-02-08 17:25:20.609	f	f
563	1	[[47.2103503,39.6026902],[47.2103503,39.6026902],[47.2103503,39.6026902],[47.2103503,39.6026902],[47.210375,39.6023501],[47.210375,39.6023501]]	2025-02-08 17:25:20.831	f	f
574	1	[[47.2103503,39.6026902],[47.2103503,39.6026902],[47.2103503,39.6026902],[47.2103503,39.6026902],[47.210375,39.6023501],[47.210375,39.6023501]]	2025-02-08 17:25:21.275	f	f
575	1	[[47.2103503,39.6026902],[47.2103503,39.6026902],[47.2103503,39.6026902],[47.2103503,39.6026902],[47.210375,39.6023501],[47.210375,39.6023501]]	2025-02-08 17:25:21.496	f	f
579	1	[[47.2103503,39.6026902],[47.2103503,39.6026902],[47.2103503,39.6026902],[47.2103503,39.6026902],[47.210375,39.6023501],[47.210375,39.6023501]]	2025-02-08 17:25:21.62	f	f
583	1	[[47.2103503,39.6026902],[47.2103503,39.6026902],[47.2103503,39.6026902],[47.2103503,39.6026902],[47.210375,39.6023501],[47.210375,39.6023501]]	2025-02-08 17:25:21.957	f	f
592	1	[[47.2103503,39.6026902],[47.2103503,39.6026902],[47.2103503,39.6026902],[47.2103503,39.6026902],[47.210375,39.6023501],[47.210375,39.6023501]]	2025-02-08 17:25:22.303	f	f
593	1	[[47.2103503,39.6026902],[47.2103503,39.6026902],[47.2103503,39.6026902],[47.2103503,39.6026902],[47.210375,39.6023501],[47.210375,39.6023501]]	2025-02-08 17:25:22.517	f	f
594	1	[[47.2103503,39.6026902],[47.2103503,39.6026902],[47.2103503,39.6026902],[47.2103503,39.6026902],[47.210375,39.6023501],[47.210375,39.6023501]]	2025-02-08 17:25:22.642	f	f
603	1	[[47.2103503,39.6026902],[47.2103503,39.6026902],[47.2103503,39.6026902],[47.2103503,39.6026902],[47.210375,39.6023501],[47.210375,39.6023501]]	2025-02-08 17:25:23	f	f
607	1	[[47.2103503,39.6026902],[47.2103503,39.6026902],[47.2103503,39.6026902],[47.2103503,39.6026902],[47.210375,39.6023501],[47.210375,39.6023501]]	2025-02-08 17:25:23.354	f	f
616	1	[[47.2103503,39.6026902],[47.2103503,39.6026902],[47.2103503,39.6026902],[47.2103503,39.6026902],[47.210375,39.6023501],[47.210375,39.6023501]]	2025-02-08 17:25:23.72	f	f
617	1	[[47.2103503,39.6026902],[47.2103503,39.6026902],[47.2103503,39.6026902],[47.2103503,39.6026902],[47.210375,39.6023501],[47.210375,39.6023501]]	2025-02-08 17:25:23.901	f	f
618	1	[[47.2103503,39.6026902],[47.2103503,39.6026902],[47.2103503,39.6026902],[47.2103503,39.6026902],[47.210375,39.6023501],[47.210375,39.6023501]]	2025-02-08 17:25:24.041	f	f
626	1	[[47.2103503,39.6026902],[47.2103503,39.6026902],[47.2103503,39.6026902],[47.2103503,39.6026902],[47.210375,39.6023501],[47.210375,39.6023501]]	2025-02-08 17:25:24.366	f	f
631	1	[[47.2103503,39.6026902],[47.2103503,39.6026902],[47.2103503,39.6026902],[47.2103503,39.6026902],[47.210375,39.6023501],[47.210375,39.6023501]]	2025-02-08 17:25:24.697	f	f
639	1	[[47.2103503,39.6026902],[47.2103503,39.6026902],[47.2103503,39.6026902],[47.2103503,39.6026902],[47.210375,39.6023501],[47.210375,39.6023501]]	2025-02-08 17:25:25.046	f	f
642	1	[[47.2103503,39.6026902],[47.2103503,39.6026902],[47.2103503,39.6026902],[47.2103503,39.6026902],[47.210375,39.6023501],[47.210375,39.6023501]]	2025-02-08 17:25:25.389	f	f
653	1	[[47.2103503,39.6026902],[47.2103503,39.6026902],[47.2103503,39.6026902],[47.2103503,39.6026902],[47.210375,39.6023501],[47.210375,39.6023501]]	2025-02-08 17:25:26.048	f	f
661	1	[[47.2103503,39.6026902],[47.2103503,39.6026902],[47.2103503,39.6026902],[47.2103503,39.6026902],[47.210375,39.6023501],[47.210375,39.6023501]]	2025-02-08 17:25:26.417	f	f
662	1	[[47.2103503,39.6026902],[47.2103503,39.6026902],[47.2103503,39.6026902],[47.2103503,39.6026902],[47.210375,39.6023501],[47.210375,39.6023501]]	2025-02-08 17:25:26.597	f	f
665	1	[[47.2103503,39.6026902],[47.2103503,39.6026902],[47.2103503,39.6026902],[47.2103503,39.6026902],[47.210375,39.6023501],[47.210375,39.6023501]]	2025-02-08 17:25:26.72	f	f
670	1	[[47.2103503,39.6026902],[47.2103503,39.6026902],[47.2103503,39.6026902],[47.2103503,39.6026902],[47.210375,39.6023501],[47.210375,39.6023501]]	2025-02-08 17:25:27.021	f	f
673	1	[[47.2103503,39.6026902],[47.2103503,39.6026902],[47.2103503,39.6026902],[47.2103503,39.6026902],[47.210375,39.6023501],[47.210375,39.6023501]]	2025-02-08 17:25:27.147	f	f
674	1	[[47.2103503,39.6026902],[47.2103503,39.6026902],[47.2103503,39.6026902],[47.2103503,39.6026902],[47.210375,39.6023501],[47.210375,39.6023501]]	2025-02-08 17:25:27.263	f	f
677	1	[[47.2103503,39.6026902],[47.2103503,39.6026902],[47.2103503,39.6026902],[47.2103503,39.6026902],[47.210375,39.6023501],[47.210375,39.6023501]]	2025-02-08 17:25:27.381	f	f
680	1	[[47.2103503,39.6026902],[47.2103503,39.6026902],[47.2103503,39.6026902],[47.2103503,39.6026902],[47.210375,39.6023501],[47.210375,39.6023501]]	2025-02-08 17:25:27.613	f	f
507	1	[[47.2103503,39.6026902],[47.2103503,39.6026902],[47.2103503,39.6026902],[47.2103503,39.6026902],[47.210375,39.6023501],[47.210375,39.6023501]]	2025-02-08 17:25:17.547	f	f
511	1	[[47.2103503,39.6026902],[47.2103503,39.6026902],[47.2103503,39.6026902],[47.2103503,39.6026902],[47.210375,39.6023501],[47.210375,39.6023501]]	2025-02-08 17:25:17.865	f	f
519	1	[[47.2103503,39.6026902],[47.2103503,39.6026902],[47.2103503,39.6026902],[47.2103503,39.6026902],[47.210375,39.6023501],[47.210375,39.6023501]]	2025-02-08 17:25:18.196	f	f
523	1	[[47.2103503,39.6026902],[47.2103503,39.6026902],[47.2103503,39.6026902],[47.2103503,39.6026902],[47.210375,39.6023501],[47.210375,39.6023501]]	2025-02-08 17:25:18.538	f	f
532	1	[[47.2103503,39.6026902],[47.2103503,39.6026902],[47.2103503,39.6026902],[47.2103503,39.6026902],[47.210375,39.6023501],[47.210375,39.6023501]]	2025-02-08 17:25:18.897	f	f
533	1	[[47.2103503,39.6026902],[47.2103503,39.6026902],[47.2103503,39.6026902],[47.2103503,39.6026902],[47.210375,39.6023501],[47.210375,39.6023501]]	2025-02-08 17:25:19.083	f	f
534	1	[[47.2103503,39.6026902],[47.2103503,39.6026902],[47.2103503,39.6026902],[47.2103503,39.6026902],[47.210375,39.6023501],[47.210375,39.6023501]]	2025-02-08 17:25:19.231	f	f
543	1	[[47.2103503,39.6026902],[47.2103503,39.6026902],[47.2103503,39.6026902],[47.2103503,39.6026902],[47.210375,39.6023501],[47.210375,39.6023501]]	2025-02-08 17:25:19.572	f	f
546	1	[[47.2103503,39.6026902],[47.2103503,39.6026902],[47.2103503,39.6026902],[47.2103503,39.6026902],[47.210375,39.6023501],[47.210375,39.6023501]]	2025-02-08 17:25:19.901	f	f
555	1	[[47.2103503,39.6026902],[47.2103503,39.6026902],[47.2103503,39.6026902],[47.2103503,39.6026902],[47.210375,39.6023501],[47.210375,39.6023501]]	2025-02-08 17:25:20.256	f	f
559	1	[[47.2103503,39.6026902],[47.2103503,39.6026902],[47.2103503,39.6026902],[47.2103503,39.6026902],[47.210375,39.6023501],[47.210375,39.6023501]]	2025-02-08 17:25:20.603	f	f
567	1	[[47.2103503,39.6026902],[47.2103503,39.6026902],[47.2103503,39.6026902],[47.2103503,39.6026902],[47.210375,39.6023501],[47.210375,39.6023501]]	2025-02-08 17:25:20.935	f	f
570	1	[[47.2103503,39.6026902],[47.2103503,39.6026902],[47.2103503,39.6026902],[47.2103503,39.6026902],[47.210375,39.6023501],[47.210375,39.6023501]]	2025-02-08 17:25:21.261	f	f
580	1	[[47.2103503,39.6026902],[47.2103503,39.6026902],[47.2103503,39.6026902],[47.2103503,39.6026902],[47.210375,39.6023501],[47.210375,39.6023501]]	2025-02-08 17:25:21.622	f	f
581	1	[[47.2103503,39.6026902],[47.2103503,39.6026902],[47.2103503,39.6026902],[47.2103503,39.6026902],[47.210375,39.6023501],[47.210375,39.6023501]]	2025-02-08 17:25:21.841	f	f
582	1	[[47.2103503,39.6026902],[47.2103503,39.6026902],[47.2103503,39.6026902],[47.2103503,39.6026902],[47.210375,39.6023501],[47.210375,39.6023501]]	2025-02-08 17:25:21.957	f	f
591	1	[[47.2103503,39.6026902],[47.2103503,39.6026902],[47.2103503,39.6026902],[47.2103503,39.6026902],[47.210375,39.6023501],[47.210375,39.6023501]]	2025-02-08 17:25:22.303	f	f
595	1	[[47.2103503,39.6026902],[47.2103503,39.6026902],[47.2103503,39.6026902],[47.2103503,39.6026902],[47.210375,39.6023501],[47.210375,39.6023501]]	2025-02-08 17:25:22.643	f	f
600	1	[[47.2103503,39.6026902],[47.2103503,39.6026902],[47.2103503,39.6026902],[47.2103503,39.6026902],[47.210375,39.6023501],[47.210375,39.6023501]]	2025-02-08 17:25:22.995	f	f
610	1	[[47.2103503,39.6026902],[47.2103503,39.6026902],[47.2103503,39.6026902],[47.2103503,39.6026902],[47.210375,39.6023501],[47.210375,39.6023501]]	2025-02-08 17:25:23.365	f	f
611	1	[[47.2103503,39.6026902],[47.2103503,39.6026902],[47.2103503,39.6026902],[47.2103503,39.6026902],[47.210375,39.6023501],[47.210375,39.6023501]]	2025-02-08 17:25:23.564	f	f
613	1	[[47.2103503,39.6026902],[47.2103503,39.6026902],[47.2103503,39.6026902],[47.2103503,39.6026902],[47.210375,39.6023501],[47.210375,39.6023501]]	2025-02-08 17:25:23.719	f	f
622	1	[[47.2103503,39.6026902],[47.2103503,39.6026902],[47.2103503,39.6026902],[47.2103503,39.6026902],[47.210375,39.6023501],[47.210375,39.6023501]]	2025-02-08 17:25:24.047	f	f
623	1	[[47.2103503,39.6026902],[47.2103503,39.6026902],[47.2103503,39.6026902],[47.2103503,39.6026902],[47.210375,39.6023501],[47.210375,39.6023501]]	2025-02-08 17:25:24.254	f	f
627	1	[[47.2103503,39.6026902],[47.2103503,39.6026902],[47.2103503,39.6026902],[47.2103503,39.6026902],[47.210375,39.6023501],[47.210375,39.6023501]]	2025-02-08 17:25:24.372	f	f
630	1	[[47.2103503,39.6026902],[47.2103503,39.6026902],[47.2103503,39.6026902],[47.2103503,39.6026902],[47.210375,39.6023501],[47.210375,39.6023501]]	2025-02-08 17:25:24.691	f	f
640	1	[[47.2103503,39.6026902],[47.2103503,39.6026902],[47.2103503,39.6026902],[47.2103503,39.6026902],[47.210375,39.6023501],[47.210375,39.6023501]]	2025-02-08 17:25:25.047	f	f
641	1	[[47.2103503,39.6026902],[47.2103503,39.6026902],[47.2103503,39.6026902],[47.2103503,39.6026902],[47.210375,39.6023501],[47.210375,39.6023501]]	2025-02-08 17:25:25.283	f	f
644	1	[[47.2103503,39.6026902],[47.2103503,39.6026902],[47.2103503,39.6026902],[47.2103503,39.6026902],[47.210375,39.6023501],[47.210375,39.6023501]]	2025-02-08 17:25:25.398	f	f
649	1	[[47.2103503,39.6026902],[47.2103503,39.6026902],[47.2103503,39.6026902],[47.2103503,39.6026902],[47.210375,39.6023501],[47.210375,39.6023501]]	2025-02-08 17:25:25.721	f	f
656	1	[[47.2103503,39.6026902],[47.2103503,39.6026902],[47.2103503,39.6026902],[47.2103503,39.6026902],[47.210375,39.6023501],[47.210375,39.6023501]]	2025-02-08 17:25:26.09	f	f
657	1	[[47.2103503,39.6026902],[47.2103503,39.6026902],[47.2103503,39.6026902],[47.2103503,39.6026902],[47.210375,39.6023501],[47.210375,39.6023501]]	2025-02-08 17:25:26.264	f	f
660	1	[[47.2103503,39.6026902],[47.2103503,39.6026902],[47.2103503,39.6026902],[47.2103503,39.6026902],[47.210375,39.6023501],[47.210375,39.6023501]]	2025-02-08 17:25:26.396	f	f
663	1	[[47.2103503,39.6026902],[47.2103503,39.6026902],[47.2103503,39.6026902],[47.2103503,39.6026902],[47.210375,39.6023501],[47.210375,39.6023501]]	2025-02-08 17:25:26.686	f	f
672	1	[[47.2103503,39.6026902],[47.2103503,39.6026902],[47.2103503,39.6026902],[47.2103503,39.6026902],[47.210375,39.6023501],[47.210375,39.6023501]]	2025-02-08 17:25:27.076	f	f
675	1	[[47.2103503,39.6026902],[47.2103503,39.6026902],[47.2103503,39.6026902],[47.2103503,39.6026902],[47.210375,39.6023501],[47.210375,39.6023501]]	2025-02-08 17:25:27.351	f	f
683	1	[[47.2103503,39.6026902],[47.2103503,39.6026902],[47.2103503,39.6026902],[47.2103503,39.6026902],[47.210375,39.6023501],[47.210375,39.6023501]]	2025-02-08 17:25:27.717	f	f
686	1	[[47.2103503,39.6026902],[47.2103503,39.6026902],[47.2103503,39.6026902],[47.2103503,39.6026902],[47.210375,39.6023501],[47.210375,39.6023501]]	2025-02-08 17:25:27.955	f	f
703	1	[[47.2103503,39.6026902],[47.2103503,39.6026902],[47.2103503,39.6026902],[47.2103503,39.6026902],[47.210375,39.6023501],[47.210375,39.6023501]]	2025-02-08 17:25:28.967	f	f
705	1	[[47.2103503,39.6026902],[47.2103503,39.6026902],[47.2103503,39.6026902],[47.2103503,39.6026902],[47.210375,39.6023501],[47.210375,39.6023501]]	2025-02-08 17:25:29.349	f	f
548	1	[[47.2103503,39.6026902],[47.2103503,39.6026902],[47.2103503,39.6026902],[47.2103503,39.6026902],[47.210375,39.6023501],[47.210375,39.6023501]]	2025-02-08 17:25:19.903	f	f
554	1	[[47.2103503,39.6026902],[47.2103503,39.6026902],[47.2103503,39.6026902],[47.2103503,39.6026902],[47.210375,39.6023501],[47.210375,39.6023501]]	2025-02-08 17:25:20.254	f	f
560	1	[[47.2103503,39.6026902],[47.2103503,39.6026902],[47.2103503,39.6026902],[47.2103503,39.6026902],[47.210375,39.6023501],[47.210375,39.6023501]]	2025-02-08 17:25:20.605	f	f
565	1	[[47.2103503,39.6026902],[47.2103503,39.6026902],[47.2103503,39.6026902],[47.2103503,39.6026902],[47.210375,39.6023501],[47.210375,39.6023501]]	2025-02-08 17:25:20.928	f	f
572	1	[[47.2103503,39.6026902],[47.2103503,39.6026902],[47.2103503,39.6026902],[47.2103503,39.6026902],[47.210375,39.6023501],[47.210375,39.6023501]]	2025-02-08 17:25:21.266	f	f
576	1	[[47.2103503,39.6026902],[47.2103503,39.6026902],[47.2103503,39.6026902],[47.2103503,39.6026902],[47.210375,39.6023501],[47.210375,39.6023501]]	2025-02-08 17:25:21.612	f	f
586	1	[[47.2103503,39.6026902],[47.2103503,39.6026902],[47.2103503,39.6026902],[47.2103503,39.6026902],[47.210375,39.6023501],[47.210375,39.6023501]]	2025-02-08 17:25:21.962	f	f
587	1	[[47.2103503,39.6026902],[47.2103503,39.6026902],[47.2103503,39.6026902],[47.2103503,39.6026902],[47.210375,39.6023501],[47.210375,39.6023501]]	2025-02-08 17:25:22.184	f	f
590	1	[[47.2103503,39.6026902],[47.2103503,39.6026902],[47.2103503,39.6026902],[47.2103503,39.6026902],[47.210375,39.6023501],[47.210375,39.6023501]]	2025-02-08 17:25:22.302	f	f
598	1	[[47.2103503,39.6026902],[47.2103503,39.6026902],[47.2103503,39.6026902],[47.2103503,39.6026902],[47.210375,39.6023501],[47.210375,39.6023501]]	2025-02-08 17:25:22.656	f	f
599	1	[[47.2103503,39.6026902],[47.2103503,39.6026902],[47.2103503,39.6026902],[47.2103503,39.6026902],[47.210375,39.6023501],[47.210375,39.6023501]]	2025-02-08 17:25:22.873	f	f
604	1	[[47.2103503,39.6026902],[47.2103503,39.6026902],[47.2103503,39.6026902],[47.2103503,39.6026902],[47.210375,39.6023501],[47.210375,39.6023501]]	2025-02-08 17:25:23.043	f	f
605	1	[[47.2103503,39.6026902],[47.2103503,39.6026902],[47.2103503,39.6026902],[47.2103503,39.6026902],[47.210375,39.6023501],[47.210375,39.6023501]]	2025-02-08 17:25:23.218	f	f
606	1	[[47.2103503,39.6026902],[47.2103503,39.6026902],[47.2103503,39.6026902],[47.2103503,39.6026902],[47.210375,39.6023501],[47.210375,39.6023501]]	2025-02-08 17:25:23.353	f	f
615	1	[[47.2103503,39.6026902],[47.2103503,39.6026902],[47.2103503,39.6026902],[47.2103503,39.6026902],[47.210375,39.6023501],[47.210375,39.6023501]]	2025-02-08 17:25:23.72	f	f
619	1	[[47.2103503,39.6026902],[47.2103503,39.6026902],[47.2103503,39.6026902],[47.2103503,39.6026902],[47.210375,39.6023501],[47.210375,39.6023501]]	2025-02-08 17:25:24.042	f	f
628	1	[[47.2103503,39.6026902],[47.2103503,39.6026902],[47.2103503,39.6026902],[47.2103503,39.6026902],[47.210375,39.6023501],[47.210375,39.6023501]]	2025-02-08 17:25:24.373	f	f
629	1	[[47.2103503,39.6026902],[47.2103503,39.6026902],[47.2103503,39.6026902],[47.2103503,39.6026902],[47.210375,39.6023501],[47.210375,39.6023501]]	2025-02-08 17:25:24.583	f	f
634	1	[[47.2103503,39.6026902],[47.2103503,39.6026902],[47.2103503,39.6026902],[47.2103503,39.6026902],[47.210375,39.6023501],[47.210375,39.6023501]]	2025-02-08 17:25:24.7	f	f
635	1	[[47.2103503,39.6026902],[47.2103503,39.6026902],[47.2103503,39.6026902],[47.2103503,39.6026902],[47.210375,39.6023501],[47.210375,39.6023501]]	2025-02-08 17:25:24.921	f	f
636	1	[[47.2103503,39.6026902],[47.2103503,39.6026902],[47.2103503,39.6026902],[47.2103503,39.6026902],[47.210375,39.6023501],[47.210375,39.6023501]]	2025-02-08 17:25:25.039	f	f
646	1	[[47.2103503,39.6026902],[47.2103503,39.6026902],[47.2103503,39.6026902],[47.2103503,39.6026902],[47.210375,39.6023501],[47.210375,39.6023501]]	2025-02-08 17:25:25.409	f	f
647	1	[[47.2103503,39.6026902],[47.2103503,39.6026902],[47.2103503,39.6026902],[47.2103503,39.6026902],[47.210375,39.6023501],[47.210375,39.6023501]]	2025-02-08 17:25:25.611	f	f
650	1	[[47.2103503,39.6026902],[47.2103503,39.6026902],[47.2103503,39.6026902],[47.2103503,39.6026902],[47.210375,39.6023501],[47.210375,39.6023501]]	2025-02-08 17:25:25.742	f	f
654	1	[[47.2103503,39.6026902],[47.2103503,39.6026902],[47.2103503,39.6026902],[47.2103503,39.6026902],[47.210375,39.6023501],[47.210375,39.6023501]]	2025-02-08 17:25:26.053	f	f
659	1	[[47.2103503,39.6026902],[47.2103503,39.6026902],[47.2103503,39.6026902],[47.2103503,39.6026902],[47.210375,39.6023501],[47.210375,39.6023501]]	2025-02-08 17:25:26.377	f	f
664	1	[[47.2103503,39.6026902],[47.2103503,39.6026902],[47.2103503,39.6026902],[47.2103503,39.6026902],[47.210375,39.6023501],[47.210375,39.6023501]]	2025-02-08 17:25:26.695	f	f
667	1	[[47.2103503,39.6026902],[47.2103503,39.6026902],[47.2103503,39.6026902],[47.2103503,39.6026902],[47.210375,39.6023501],[47.210375,39.6023501]]	2025-02-08 17:25:26.824	f	f
669	1	[[47.2103503,39.6026902],[47.2103503,39.6026902],[47.2103503,39.6026902],[47.2103503,39.6026902],[47.210375,39.6023501],[47.210375,39.6023501]]	2025-02-08 17:25:27.01	f	f
678	1	[[47.2103503,39.6026902],[47.2103503,39.6026902],[47.2103503,39.6026902],[47.2103503,39.6026902],[47.210375,39.6023501],[47.210375,39.6023501]]	2025-02-08 17:25:27.398	f	f
679	1	[[47.2103503,39.6026902],[47.2103503,39.6026902],[47.2103503,39.6026902],[47.2103503,39.6026902],[47.210375,39.6023501],[47.210375,39.6023501]]	2025-02-08 17:25:27.514	f	f
681	1	[[47.2103503,39.6026902],[47.2103503,39.6026902],[47.2103503,39.6026902],[47.2103503,39.6026902],[47.210375,39.6023501],[47.210375,39.6023501]]	2025-02-08 17:25:27.691	f	f
689	1	[[47.2103503,39.6026902],[47.2103503,39.6026902],[47.2103503,39.6026902],[47.2103503,39.6026902],[47.210375,39.6023501],[47.210375,39.6023501]]	2025-02-08 17:25:28.056	f	f
695	1	[[47.2103503,39.6026902],[47.2103503,39.6026902],[47.2103503,39.6026902],[47.2103503,39.6026902],[47.210375,39.6023501],[47.210375,39.6023501]]	2025-02-08 17:25:28.47	f	f
697	1	[[47.2103503,39.6026902],[47.2103503,39.6026902],[47.2103503,39.6026902],[47.2103503,39.6026902],[47.210375,39.6023501],[47.210375,39.6023501]]	2025-02-08 17:25:28.601	f	f
700	1	[[47.2103503,39.6026902],[47.2103503,39.6026902],[47.2103503,39.6026902],[47.2103503,39.6026902],[47.210375,39.6023501],[47.210375,39.6023501]]	2025-02-08 17:25:28.909	f	f
709	1	[[47.2103503,39.6026902],[47.2103503,39.6026902],[47.2103503,39.6026902],[47.2103503,39.6026902],[47.210375,39.6023501],[47.210375,39.6023501]]	2025-02-08 17:25:29.369	f	f
712	1	[[47.2103503,39.6026902],[47.2103503,39.6026902],[47.2103503,39.6026902],[47.2103503,39.6026902],[47.210375,39.6023501],[47.210375,39.6023501]]	2025-02-08 17:25:29.71	f	f
652	1	[[47.2103503,39.6026902],[47.2103503,39.6026902],[47.2103503,39.6026902],[47.2103503,39.6026902],[47.210375,39.6023501],[47.210375,39.6023501]]	2025-02-08 17:25:25.944	f	f
655	1	[[47.2103503,39.6026902],[47.2103503,39.6026902],[47.2103503,39.6026902],[47.2103503,39.6026902],[47.210375,39.6023501],[47.210375,39.6023501]]	2025-02-08 17:25:26.067	f	f
658	1	[[47.2103503,39.6026902],[47.2103503,39.6026902],[47.2103503,39.6026902],[47.2103503,39.6026902],[47.210375,39.6023501],[47.210375,39.6023501]]	2025-02-08 17:25:26.368	f	f
666	1	[[47.2103503,39.6026902],[47.2103503,39.6026902],[47.2103503,39.6026902],[47.2103503,39.6026902],[47.210375,39.6023501],[47.210375,39.6023501]]	2025-02-08 17:25:26.74	f	f
668	1	[[47.2103503,39.6026902],[47.2103503,39.6026902],[47.2103503,39.6026902],[47.2103503,39.6026902],[47.210375,39.6023501],[47.210375,39.6023501]]	2025-02-08 17:25:26.931	f	f
671	1	[[47.2103503,39.6026902],[47.2103503,39.6026902],[47.2103503,39.6026902],[47.2103503,39.6026902],[47.210375,39.6023501],[47.210375,39.6023501]]	2025-02-08 17:25:27.054	f	f
676	1	[[47.2103503,39.6026902],[47.2103503,39.6026902],[47.2103503,39.6026902],[47.2103503,39.6026902],[47.210375,39.6023501],[47.210375,39.6023501]]	2025-02-08 17:25:27.352	f	f
682	1	[[47.2103503,39.6026902],[47.2103503,39.6026902],[47.2103503,39.6026902],[47.2103503,39.6026902],[47.210375,39.6023501],[47.210375,39.6023501]]	2025-02-08 17:25:27.716	f	f
687	1	[[47.2103503,39.6026902],[47.2103503,39.6026902],[47.2103503,39.6026902],[47.2103503,39.6026902],[47.210375,39.6023501],[47.210375,39.6023501]]	2025-02-08 17:25:28.052	f	f
702	1	[[47.2103503,39.6026902],[47.2103503,39.6026902],[47.2103503,39.6026902],[47.2103503,39.6026902],[47.210375,39.6023501],[47.210375,39.6023501]]	2025-02-08 17:25:28.944	f	f
707	1	[[47.2103503,39.6026902],[47.2103503,39.6026902],[47.2103503,39.6026902],[47.2103503,39.6026902],[47.210375,39.6023501],[47.210375,39.6023501]]	2025-02-08 17:25:29.35	f	f
714	1	[[47.2103503,39.6026902],[47.2103503,39.6026902],[47.2103503,39.6026902],[47.2103503,39.6026902],[47.210375,39.6023501],[47.210375,39.6023501]]	2025-02-08 17:25:29.725	f	f
716	1	[[47.2103503,39.6026902],[47.2103503,39.6026902],[47.2103503,39.6026902],[47.2103503,39.6026902],[47.210375,39.6023501],[47.210375,39.6023501]]	2025-02-08 17:25:29.728	f	f
774	1	[[47.237957843326456,39.634700281597674]]	2025-02-09 16:19:22.289	f	f
780	1	[[47.237957843326456,39.634700281597674]]	2025-02-09 16:19:22.574	f	f
786	1	[[47.237957843326456,39.634700281597674]]	2025-02-09 16:19:22.856	f	f
793	1	[[47.237957843326456,39.634700281597674]]	2025-02-09 16:19:23.151	f	f
798	1	[[47.237957843326456,39.634700281597674]]	2025-02-09 16:19:23.426	f	f
816	1	[[47.237957843326456,39.634700281597674]]	2025-02-09 16:19:24.363	f	f
819	1	[[47.237957843326456,39.634700281597674]]	2025-02-09 16:19:24.677	f	f
824	1	[[47.237957843326456,39.634700281597674]]	2025-02-09 16:19:24.89	f	f
837	1	[[47.237957843326456,39.634700281597674]]	2025-02-09 16:19:25.581	f	f
842	1	[[47.237957843326456,39.634700281597674]]	2025-02-09 16:19:25.866	f	f
848	1	[[47.237957843326456,39.634700281597674]]	2025-02-09 16:19:26.212	f	f
854	1	[[47.237957843326456,39.634700281597674]]	2025-02-09 16:19:26.497	f	f
857	1	[[47.237957843326456,39.634700281597674]]	2025-02-09 16:19:26.783	f	f
862	1	[[47.237957843326456,39.634700281597674]]	2025-02-09 16:19:27.123	f	f
775	1	[[47.237957843326456,39.634700281597674]]	2025-02-09 16:19:22.291	f	f
781	1	[[47.237957843326456,39.634700281597674]]	2025-02-09 16:19:22.576	f	f
787	1	[[47.237957843326456,39.634700281597674]]	2025-02-09 16:19:22.863	f	f
791	1	[[47.237957843326456,39.634700281597674]]	2025-02-09 16:19:23.136	f	f
800	1	[[47.237957843326456,39.634700281597674]]	2025-02-09 16:19:23.443	f	f
804	1	[[47.237957843326456,39.634700281597674]]	2025-02-09 16:19:23.731	f	f
810	1	[[47.237957843326456,39.634700281597674]]	2025-02-09 16:19:24.072	f	f
814	1	[[47.237957843326456,39.634700281597674]]	2025-02-09 16:19:24.356	f	f
821	1	[[47.237957843326456,39.634700281597674]]	2025-02-09 16:19:24.681	f	f
822	1	[[47.237957843326456,39.634700281597674]]	2025-02-09 16:19:24.875	f	f
839	1	[[47.237957843326456,39.634700281597674]]	2025-02-09 16:19:25.596	f	f
840	1	[[47.237957843326456,39.634700281597674]]	2025-02-09 16:19:25.784	f	f
776	1	[[47.237957843326456,39.634700281597674]]	2025-02-09 16:19:22.29	f	f
779	1	[[47.237957843326456,39.634700281597674]]	2025-02-09 16:19:22.564	f	f
788	1	[[47.237957843326456,39.634700281597674]]	2025-02-09 16:19:22.866	f	f
792	1	[[47.237957843326456,39.634700281597674]]	2025-02-09 16:19:23.136	f	f
799	1	[[47.237957843326456,39.634700281597674]]	2025-02-09 16:19:23.44	f	f
805	1	[[47.237957843326456,39.634700281597674]]	2025-02-09 16:19:23.732	f	f
811	1	[[47.237957843326456,39.634700281597674]]	2025-02-09 16:19:24.073	f	f
812	1	[[47.237957843326456,39.634700281597674]]	2025-02-09 16:19:24.285	f	f
827	1	[[47.237957843326456,39.634700281597674]]	2025-02-09 16:19:24.969	f	f
829	1	[[47.237957843326456,39.634700281597674]]	2025-02-09 16:19:25.16	f	f
833	1	[[47.237957843326456,39.634700281597674]]	2025-02-09 16:19:25.303	f	f
836	1	[[47.237957843326456,39.634700281597674]]	2025-02-09 16:19:25.501	f	f
843	1	[[47.237957843326456,39.634700281597674]]	2025-02-09 16:19:25.877	f	f
849	1	[[47.237957843326456,39.634700281597674]]	2025-02-09 16:19:26.211	f	f
852	1	[[47.237957843326456,39.634700281597674]]	2025-02-09 16:19:26.492	f	f
777	1	[[47.237957843326456,39.634700281597674]]	2025-02-09 16:19:22.3	f	f
778	1	[[47.237957843326456,39.634700281597674]]	2025-02-09 16:19:22.558	f	f
789	1	[[47.237957843326456,39.634700281597674]]	2025-02-09 16:19:22.882	f	f
790	1	[[47.237957843326456,39.634700281597674]]	2025-02-09 16:19:23.13	f	f
801	1	[[47.237957843326456,39.634700281597674]]	2025-02-09 16:19:23.454	f	f
802	1	[[47.237957843326456,39.634700281597674]]	2025-02-09 16:19:23.717	f	f
809	1	[[47.237957843326456,39.634700281597674]]	2025-02-09 16:19:24.061	f	f
813	1	[[47.237957843326456,39.634700281597674]]	2025-02-09 16:19:24.355	f	f
825	1	[[47.237957843326456,39.634700281597674]]	2025-02-09 16:19:24.964	f	f
830	1	[[47.237957843326456,39.634700281597674]]	2025-02-09 16:19:25.175	f	f
831	1	[[47.237957843326456,39.634700281597674]]	2025-02-09 16:19:25.295	f	f
835	1	[[47.237957843326456,39.634700281597674]]	2025-02-09 16:19:25.5	f	f
844	1	[[47.237957843326456,39.634700281597674]]	2025-02-09 16:19:25.885	f	f
847	1	[[47.237957843326456,39.634700281597674]]	2025-02-09 16:19:26.208	f	f
853	1	[[47.237957843326456,39.634700281597674]]	2025-02-09 16:19:26.498	f	f
859	1	[[47.237957843326456,39.634700281597674]]	2025-02-09 16:19:26.837	f	f
860	1	[[47.237957843326456,39.634700281597674]]	2025-02-09 16:19:27.03	f	f
782	1	[[47.237957843326456,39.634700281597674]]	2025-02-09 16:19:22.577	f	f
785	1	[[47.237957843326456,39.634700281597674]]	2025-02-09 16:19:22.85	f	f
794	1	[[47.237957843326456,39.634700281597674]]	2025-02-09 16:19:23.155	f	f
797	1	[[47.237957843326456,39.634700281597674]]	2025-02-09 16:19:23.426	f	f
806	1	[[47.237957843326456,39.634700281597674]]	2025-02-09 16:19:23.749	f	f
807	1	[[47.237957843326456,39.634700281597674]]	2025-02-09 16:19:24.061	f	f
817	1	[[47.237957843326456,39.634700281597674]]	2025-02-09 16:19:24.363	f	f
818	1	[[47.237957843326456,39.634700281597674]]	2025-02-09 16:19:24.605	f	f
826	1	[[47.237957843326456,39.634700281597674]]	2025-02-09 16:19:24.966	f	f
828	1	[[47.237957843326456,39.634700281597674]]	2025-02-09 16:19:25.161	f	f
832	1	[[47.237957843326456,39.634700281597674]]	2025-02-09 16:19:25.302	f	f
834	1	[[47.237957843326456,39.634700281597674]]	2025-02-09 16:19:25.491	f	f
783	1	[[47.237957843326456,39.634700281597674]]	2025-02-09 16:19:22.59	f	f
784	1	[[47.237957843326456,39.634700281597674]]	2025-02-09 16:19:22.839	f	f
795	1	[[47.237957843326456,39.634700281597674]]	2025-02-09 16:19:23.167	f	f
796	1	[[47.237957843326456,39.634700281597674]]	2025-02-09 16:19:23.41	f	f
803	1	[[47.237957843326456,39.634700281597674]]	2025-02-09 16:19:23.73	f	f
808	1	[[47.237957843326456,39.634700281597674]]	2025-02-09 16:19:24.061	f	f
815	1	[[47.237957843326456,39.634700281597674]]	2025-02-09 16:19:24.362	f	f
820	1	[[47.237957843326456,39.634700281597674]]	2025-02-09 16:19:24.678	f	f
823	1	[[47.237957843326456,39.634700281597674]]	2025-02-09 16:19:24.879	f	f
721	1	[[47.237957843326456,39.634700281597674]]	2025-02-09 16:19:19.207	f	f
717	1	[[47.237957843326456,39.634700281597674]]	2025-02-09 16:19:19.199	f	f
719	1	[[47.237957843326456,39.634700281597674]]	2025-02-09 16:19:19.194	f	f
718	1	[[47.237957843326456,39.634700281597674]]	2025-02-09 16:19:19.193	f	f
720	1	[[47.237957843326456,39.634700281597674]]	2025-02-09 16:19:19.206	f	f
722	1	[[47.237957843326456,39.634700281597674]]	2025-02-09 16:19:19.537	f	f
723	1	[[47.237957843326456,39.634700281597674]]	2025-02-09 16:19:19.54	f	f
724	1	[[47.237957843326456,39.634700281597674]]	2025-02-09 16:19:19.541	f	f
725	1	[[47.237957843326456,39.634700281597674]]	2025-02-09 16:19:19.541	f	f
726	1	[[47.237957843326456,39.634700281597674]]	2025-02-09 16:19:19.542	f	f
727	1	[[47.237957843326456,39.634700281597674]]	2025-02-09 16:19:19.602	f	f
728	1	[[47.237957843326456,39.634700281597674]]	2025-02-09 16:19:19.832	f	f
729	1	[[47.237957843326456,39.634700281597674]]	2025-02-09 16:19:19.834	f	f
730	1	[[47.237957843326456,39.634700281597674]]	2025-02-09 16:19:19.837	f	f
731	1	[[47.237957843326456,39.634700281597674]]	2025-02-09 16:19:19.836	f	f
732	1	[[47.237957843326456,39.634700281597674]]	2025-02-09 16:19:19.838	f	f
733	1	[[47.237957843326456,39.634700281597674]]	2025-02-09 16:19:19.909	f	f
734	1	[[47.237957843326456,39.634700281597674]]	2025-02-09 16:19:20.112	f	f
735	1	[[47.237957843326456,39.634700281597674]]	2025-02-09 16:19:20.115	f	f
736	1	[[47.237957843326456,39.634700281597674]]	2025-02-09 16:19:20.121	f	f
737	1	[[47.237957843326456,39.634700281597674]]	2025-02-09 16:19:20.133	f	f
738	1	[[47.237957843326456,39.634700281597674]]	2025-02-09 16:19:20.135	f	f
739	1	[[47.237957843326456,39.634700281597674]]	2025-02-09 16:19:20.192	f	f
740	1	[[47.237957843326456,39.634700281597674]]	2025-02-09 16:19:20.455	f	f
741	1	[[47.237957843326456,39.634700281597674]]	2025-02-09 16:19:20.462	f	f
742	1	[[47.237957843326456,39.634700281597674]]	2025-02-09 16:19:20.463	f	f
743	1	[[47.237957843326456,39.634700281597674]]	2025-02-09 16:19:20.464	f	f
744	1	[[47.237957843326456,39.634700281597674]]	2025-02-09 16:19:20.473	f	f
745	1	[[47.237957843326456,39.634700281597674]]	2025-02-09 16:19:20.745	f	f
746	1	[[47.237957843326456,39.634700281597674]]	2025-02-09 16:19:20.748	f	f
747	1	[[47.237957843326456,39.634700281597674]]	2025-02-09 16:19:20.75	f	f
748	1	[[47.237957843326456,39.634700281597674]]	2025-02-09 16:19:20.753	f	f
749	1	[[47.237957843326456,39.634700281597674]]	2025-02-09 16:19:20.754	f	f
750	1	[[47.237957843326456,39.634700281597674]]	2025-02-09 16:19:21.077	f	f
751	1	[[47.237957843326456,39.634700281597674]]	2025-02-09 16:19:21.078	f	f
752	1	[[47.237957843326456,39.634700281597674]]	2025-02-09 16:19:21.079	f	f
753	1	[[47.237957843326456,39.634700281597674]]	2025-02-09 16:19:21.081	f	f
754	1	[[47.237957843326456,39.634700281597674]]	2025-02-09 16:19:21.082	f	f
755	1	[[47.237957843326456,39.634700281597674]]	2025-02-09 16:19:21.083	f	f
756	1	[[47.237957843326456,39.634700281597674]]	2025-02-09 16:19:21.366	f	f
757	1	[[47.237957843326456,39.634700281597674]]	2025-02-09 16:19:21.367	f	f
758	1	[[47.237957843326456,39.634700281597674]]	2025-02-09 16:19:21.369	f	f
759	1	[[47.237957843326456,39.634700281597674]]	2025-02-09 16:19:21.371	f	f
760	1	[[47.237957843326456,39.634700281597674]]	2025-02-09 16:19:21.373	f	f
761	1	[[47.237957843326456,39.634700281597674]]	2025-02-09 16:19:21.394	f	f
762	1	[[47.237957843326456,39.634700281597674]]	2025-02-09 16:19:21.696	f	f
763	1	[[47.237957843326456,39.634700281597674]]	2025-02-09 16:19:21.698	f	f
764	1	[[47.237957843326456,39.634700281597674]]	2025-02-09 16:19:21.701	f	f
765	1	[[47.237957843326456,39.634700281597674]]	2025-02-09 16:19:21.701	f	f
766	1	[[47.237957843326456,39.634700281597674]]	2025-02-09 16:19:21.702	f	f
767	1	[[47.237957843326456,39.634700281597674]]	2025-02-09 16:19:21.987	f	f
768	1	[[47.237957843326456,39.634700281597674]]	2025-02-09 16:19:21.988	f	f
769	1	[[47.237957843326456,39.634700281597674]]	2025-02-09 16:19:21.988	f	f
770	1	[[47.237957843326456,39.634700281597674]]	2025-02-09 16:19:21.992	f	f
771	1	[[47.237957843326456,39.634700281597674]]	2025-02-09 16:19:21.992	f	f
772	1	[[47.237957843326456,39.634700281597674]]	2025-02-09 16:19:22.28	f	f
773	1	[[47.237957843326456,39.634700281597674]]	2025-02-09 16:19:22.282	f	f
838	1	[[47.237957843326456,39.634700281597674]]	2025-02-09 16:19:25.591	f	f
841	1	[[47.237957843326456,39.634700281597674]]	2025-02-09 16:19:25.786	f	f
845	1	[[47.237957843326456,39.634700281597674]]	2025-02-09 16:19:25.972	f	f
846	1	[[47.237957843326456,39.634700281597674]]	2025-02-09 16:19:26.109	f	f
850	1	[[47.237957843326456,39.634700281597674]]	2025-02-09 16:19:26.268	f	f
851	1	[[47.237957843326456,39.634700281597674]]	2025-02-09 16:19:26.392	f	f
855	1	[[47.237957843326456,39.634700281597674]]	2025-02-09 16:19:26.566	f	f
856	1	[[47.237957843326456,39.634700281597674]]	2025-02-09 16:19:26.691	f	f
858	1	[[47.237957843326456,39.634700281597674]]	2025-02-09 16:19:26.836	f	f
861	1	[[47.237957843326456,39.634700281597674]]	2025-02-09 16:19:27.064	f	f
863	1	[[47.2551562271867,39.592831886243644],[47.2551562271867,39.592831886243644],[47.2551562271867,39.592831886243644],[47.2551562271867,39.592831886243644],[47.2551562271867,39.592831886243644],[47.2551562271867,39.592831886243644],[47.2551562271867,39.592831886243644],[47.2551562271867,39.592831886243644],[47.2551562271867,39.592831886243644],[47.2551562271867,39.592831886243644],[47.2551562271867,39.592831886243644],[47.2551562271867,39.592831886243644],[47.2551562271867,39.592831886243644],[47.25378122718669,39.592831886243644],[47.25323122718669,39.592831886243644],[47.25323122718669,39.59255688624364],[47.252681227186685,39.59255688624364],[47.25213122718668,39.59255688624364],[47.25103122718667,39.59255688624364],[47.249931227186664,39.59255688624364],[47.24938122718666,39.59255688624364],[47.24828122718665,39.592831886243644],[47.247181227186644,39.59393188624365],[47.24663122718664,39.594481886243656],[47.24553122718663,39.595581886243664],[47.244431227186624,39.59668188624367],[47.24388122718662,39.59723188624368],[47.24278122718661,39.598331886243685],[47.24250622718661,39.59860688624369],[47.24250622718661,39.59860688624369],[47.24250622718661,39.59860688624369],[47.24250622718661,39.59860688624369],[47.24250622718661,39.59860688624369],[47.24250622718661,39.59860688624369],[47.24250622718661,39.59860688624369],[47.24250622718661,39.59860688624369],[47.241956227186606,39.59943188624369],[47.241956227186606,39.6005318862437],[47.241956227186606,39.601081886243705],[47.241956227186606,39.60218188624371],[47.241956227186606,39.60328188624372],[47.241956227186606,39.603831886243725],[47.241956227186606,39.60493188624373],[47.241956227186606,39.60603188624374],[47.241956227186606,39.606581886243745],[47.241956227186606,39.60768188624375],[47.241956227186606,39.60878188624376],[47.241956227186606,39.609331886243766],[47.241956227186606,39.610431886243774],[47.24223122718661,39.61098188624378],[47.24223122718661,39.61098188624378],[47.24223122718661,39.61153188624378],[47.24223122718661,39.61263188624379],[47.24223122718661,39.613181886243794],[47.24250622718661,39.6137318862438],[47.24250622718661,39.6137318862438],[47.24250622718661,39.6137318862438],[47.24250622718661,39.6137318862438],[47.2408562271866,39.614556886243804],[47.240581227186595,39.614556886243804],[47.23948122718659,39.614556886243804],[47.23810622718658,39.614556886243804],[47.237831227186575,39.614556886243804],[47.23673122718657,39.614556886243804],[47.23535622718656,39.614556886243804],[47.235081227186555,39.614556886243804],[47.23398122718655,39.614556886243804],[47.23288122718654,39.614556886243804],[47.232331227186535,39.614556886243804],[47.23123122718653,39.614556886243804],[47.23068122718652,39.6142818862438],[47.23068122718652,39.6142818862438],[47.23068122718652,39.6142818862438],[47.23068122718652,39.6142818862438],[47.23068122718652,39.6142818862438],[47.22985622718652,39.6142818862438],[47.22875622718651,39.6142818862438],[47.228206227186504,39.6142818862438],[47.227106227186496,39.6142818862438],[47.22600622718649,39.6142818862438],[47.225456227186484,39.6142818862438],[47.224356227186476,39.6142818862438],[47.22325622718647,39.6142818862438],[47.222706227186464,39.6142818862438],[47.22243122718646,39.6140068862438],[47.22243122718646,39.6140068862438],[47.22243122718646,39.6140068862438],[47.22243122718646,39.6140068862438],[47.221606227186456,39.613456886243796],[47.22105622718645,39.613456886243796],[47.219956227186444,39.613456886243796],[47.218856227186436,39.613456886243796],[47.21830622718643,39.613456886243796],[47.21720622718642,39.613456886243796],[47.216106227186415,39.613456886243796],[47.21555622718641,39.613456886243796],[47.2144562271864,39.613456886243796],[47.213356227186395,39.613456886243796],[47.21280622718639,39.613456886243796],[47.21170622718638,39.6140068862438],[47.210606227186375,39.61510688624381],[47.21005622718637,39.61565688624381],[47.20895622718636,39.61675688624382],[47.207856227186355,39.61785688624383],[47.20730622718635,39.61840688624383],[47.20620622718634,39.61950688624384],[47.20565622718634,39.62060688624385],[47.20565622718634,39.62115688624385],[47.20565622718634,39.62225688624386],[47.20593122718634,39.62253188624386],[47.20593122718634,39.62253188624386]]	2025-02-09 16:37:52.321	f	f
864	1	[[47.20593122718634,39.62253188624386],[47.20593122718634,39.62253188624386],[47.20593122718634,39.62253188624386],[47.205106227186334,39.62335688624387],[47.205106227186334,39.62445688624388],[47.205106227186334,39.62500688624388],[47.20455622718633,39.62610688624389],[47.20345622718632,39.6272068862439],[47.20290622718632,39.6277568862439],[47.20180622718631,39.62885688624391],[47.20153122718631,39.62995688624392],[47.20153122718631,39.63050688624392],[47.20153122718631,39.63160688624393],[47.20153122718631,39.63270688624394],[47.200981227186304,39.63298188624394],[47.2001562271863,39.63160688624393],[47.2001562271863,39.63160688624393],[47.2001562271863,39.63160688624393]]	2025-02-09 16:38:08.844	f	f
865	1	[[47.22370783519022,39.63090989738703],[47.22370783519022,39.63090989738703],[47.22370783519022,39.63090989738703],[47.213721398638405,39.63500563055277],[47.213721398638405,39.63500563055277],[47.213721398638405,39.63500563055277],[47.213721398638405,39.63500563055277],[47.213721398638405,39.63500563055277],[47.213721398638405,39.63500563055277],[47.21857776237655,39.633400528523254],[47.21857776237655,39.633400528523254],[47.21854266325469,39.63341213039793],[47.21854266325469,39.63341213039793],[47.21850756413165,39.63342373225724],[47.21850756413165,39.63342373225724],[47.218472465007444,39.63343533410119],[47.218472465007444,39.63343533410119],[47.218437365882075,39.63344693592978],[47.218437365882075,39.63344693592978],[47.21840226675553,39.63345853774302],[47.21840226675553,39.63345853774302],[47.21836716762782,39.63347013954089],[47.21836716762782,39.63347013954089],[47.21833206849893,39.6334817413234],[47.21833206849893,39.6334817413234],[47.21829696936888,39.63349334309055],[47.21829696936888,39.63349334309055],[47.21826187023764,39.633504944842336],[47.21826187023764,39.633504944842336],[47.21822677110523,39.63351654657877],[47.21822677110523,39.63351654657877]]	2025-02-09 16:41:37.127	f	f
866	1	[[47.216890703525614,39.633807018976206],[47.21789070352562,39.633307018976204],[47.22039070352563,39.63080701897619],[47.22289070352564,39.62830701897618],[47.225390703525655,39.62580701897617],[47.22714070352566,39.62405701897616],[47.22714070352566,39.62405701897616],[47.22714070352566,39.62405701897616],[47.22814070352567,39.62405701897616],[47.23064070352568,39.62405701897616],[47.23314070352569,39.62480701897616],[47.2353907035257,39.62655701897617],[47.2353907035257,39.62655701897617],[47.2353907035257,39.62655701897617],[47.2353907035257,39.629057018976184],[47.2353907035257,39.631557018976196],[47.2343907035257,39.63405701897621],[47.231890703525686,39.63655701897622],[47.229390703525674,39.63905701897623],[47.22689070352566,39.64155701897624],[47.22439070352565,39.643807018976254],[47.22189070352564,39.643807018976254],[47.219390703525626,39.643807018976254],[47.217390703525616,39.64155701897624],[47.21789070352562,39.63905701897623],[47.22039070352563,39.637557018976224],[47.22164070352564,39.63730701897622],[47.22164070352564,39.63730701897622],[47.22164070352564,39.63730701897622]]	2025-02-09 17:32:47.721	f	f
867	1	[[47.23114070352568,39.63680701897622],[47.23264070352569,39.637557018976224],[47.2351407035257,39.637557018976224],[47.23739070352571,39.63730701897622],[47.23739070352571,39.63730701897622],[47.23739070352571,39.63730701897622],[47.238140703525715,39.63730701897622],[47.24064070352573,39.639807018976235],[47.24114070352573,39.64230701897625],[47.23889070352572,39.64480701897626],[47.23639070352571,39.645807018976264]]	2025-02-09 17:34:26.704	f	f
868	1	[[47.236140703525706,39.64555701897626],[47.23339070352569,39.646307018976266],[47.23289070352569,39.646057018976265]]	2025-02-09 17:34:40.568	f	f
869	1	[[47.22414070352565,39.64055701897624],[47.22239070352564,39.639557018976234],[47.21989070352563,39.637557018976224],[47.217390703525616,39.637557018976224],[47.214890703525604,39.637557018976224],[47.2143907035256,39.63730701897622],[47.2143907035256,39.63730701897622],[47.2143907035256,39.63730701897622],[47.2143907035256,39.63730701897622],[47.2143907035256,39.63730701897622],[47.2133907035256,39.637807018976225],[47.210890703525585,39.637807018976225],[47.20839070352557,39.637807018976225]]	2025-02-09 17:34:56.849	f	f
870	1	[[47.20239070352586,39.63675701897613],[47.20245070352588,39.63676701897613],[47.20255070352591,39.6366670189761],[47.20265070352594,39.636567018976066],[47.20275070352597,39.636497018976044],[47.202850703526,39.636497018976044],[47.202950703526035,39.636497018976044],[47.20305070352607,39.63644701897603],[47.2031507035261,39.636347018976],[47.20325070352613,39.636247018975965],[47.20335070352616,39.63614701897593],[47.203450703526194,39.6360470189759],[47.203550703526226,39.63594701897587],[47.20365070352626,39.63584701897584],[47.20375070352629,39.635747018975806],[47.20385070352632,39.635647018975774],[47.20395070352635,39.63554701897574],[47.204050703526384,39.63544701897571],[47.20414070352641,39.63538701897569],[47.204240703526445,39.63544701897571],[47.204340703526476,39.63554701897574],[47.20444070352651,39.635647018975774],[47.20450070352653,39.635747018975806],[47.20450070352653,39.63584701897584],[47.20450070352653,39.63594701897587],[47.20450070352653,39.6360470189759],[47.20450070352653,39.63614701897593],[47.20450070352653,39.636247018975965]]	2025-02-09 17:41:11.161	f	f
871	1	[[47.20454070352654,39.63735701897632],[47.20452070352653,39.63743701897634],[47.20452070352653,39.637537018976374],[47.20453070352654,39.6376070189764],[47.20453070352654,39.6376070189764],[47.20453070352654,39.6376070189764],[47.20453070352654,39.63815701897639],[47.20453070352654,39.63925701897639],[47.204970703526534,39.64035701897638],[47.20607070352653,39.641457018976375]]	2025-02-09 17:41:46.564	f	f
872	1	[[47.206400703526526,39.641347018976376],[47.206400703526526,39.641347018976376],[47.206400703526526,39.641347018976376],[47.206400703526526,39.64189701897637],[47.206400703526526,39.64299701897637],[47.206400703526526,39.64409701897636],[47.206400703526526,39.645197018976354],[47.206400703526526,39.64629701897635]]	2025-02-09 17:42:06.114	f	f
873	1	[[47.22773070352558,39.634277018976185],[47.228830703525574,39.634277018976185],[47.22993070352557,39.634277018976185],[47.23103070352556,39.634277018976185],[47.232130703525556,39.634277018976185],[47.23323070352555,39.634277018976185],[47.23433070352554,39.634277018976185],[47.23543070352554,39.634277018976185],[47.23653070352553,39.634277018976185],[47.237630703525525,39.63471701897618],[47.23873070352552,39.63581701897618],[47.239720703525514,39.63680701897617],[47.24016070352551,39.63702701897617],[47.24016070352551,39.63702701897617],[47.24016070352551,39.63702701897617],[47.24016070352551,39.63702701897617],[47.241040703525506,39.63713701897617],[47.2421407035255,39.63823701897616],[47.2422507035255,39.63933701897616],[47.2422507035255,39.64043701897615],[47.2422507035255,39.641537018976145],[47.2425807035255,39.64263701897614],[47.24368070352549,39.64373701897613],[47.244780703525485,39.644837018976126],[47.24566070352548,39.64593701897612],[47.24577070352548,39.64593701897612],[47.24577070352548,39.64593701897612],[47.24577070352548,39.64593701897612],[47.24577070352548,39.64593701897612],[47.24555070352548,39.64626701897612],[47.24555070352548,39.64736701897611],[47.24555070352548,39.648467018976106],[47.24555070352548,39.6495670189761],[47.24555070352548,39.650667018976094],[47.24588070352548,39.65176701897609],[47.24698070352547,39.65286701897608],[47.24775070352547,39.653967018976076],[47.24753070352547,39.65506701897607],[47.246430703525476,39.65616701897606],[47.24588070352548,39.65726701897606],[47.24588070352548,39.65836701897605],[47.24610070352548,39.659467018976045],[47.24720070352547,39.66056701897604],[47.248300703525466,39.66166701897603],[47.248410703525465,39.66155701897603],[47.248410703525465,39.66155701897603],[47.24797070352547,39.66232701897603],[47.24709070352547,39.66342701897602],[47.24709070352547,39.66452701897602],[47.24709070352547,39.66551701897601],[47.24709070352547,39.666617018976005],[47.24709070352547,39.667717018976],[47.24709070352547,39.66881701897599],[47.24709070352547,39.66991701897599],[47.24709070352547,39.67101701897598],[47.24709070352547,39.672117018975975],[47.24720070352547,39.672117018975975],[47.24720070352547,39.672117018975975],[47.24720070352547,39.672117018975975],[47.24720070352547,39.67244701897597],[47.24720070352547,39.67354701897597],[47.24621070352548,39.67464701897596],[47.245110703525484,39.675747018975954],[47.24522070352548,39.67640701897595],[47.24522070352548,39.67640701897595],[47.24544070352548,39.677507018975945],[47.24544070352548,39.67860701897594],[47.24544070352548,39.67970701897593],[47.24544070352548,39.680807018975926],[47.24544070352548,39.68190701897592],[47.24544070352548,39.683007018975914],[47.24544070352548,39.68410701897591]]	2025-02-09 18:16:53.754	f	f
874	1	[[47.22366070352553,39.63027701897623],[47.22432070352553,39.63060701897623],[47.22542070352552,39.63060701897623],[47.226520703525516,39.63060701897623],[47.22762070352551,39.63060701897623],[47.228610703525504,39.63049701897623],[47.228610703525504,39.63049701897623],[47.228610703525504,39.63049701897623],[47.2298207035255,39.63082701897623],[47.23092070352549,39.63082701897623],[47.23136070352549,39.63071701897623]]	2025-02-09 18:27:22.097	f	f
875	1	[[47.232020703525485,39.63170701897622],[47.23180070352549,39.63082701897623],[47.232240703525484,39.62972701897623],[47.23246070352548,39.62862701897624],[47.23246070352548,39.627527018976245],[47.23246070352548,39.62642701897625],[47.23246070352548,39.62532701897626],[47.23257070352548,39.62466701897626],[47.23257070352548,39.62466701897626],[47.23257070352548,39.62466701897626],[47.23257070352548,39.62466701897626],[47.23257070352548,39.62466701897626],[47.23257070352548,39.62356701897627],[47.23257070352548,39.62246701897627],[47.23257070352548,39.62136701897628],[47.23257070352548,39.620267018976286],[47.23257070352548,39.61916701897629],[47.23268070352548,39.618397018976296],[47.23268070352548,39.618397018976296],[47.232240703525484,39.618727018976294],[47.231910703525486,39.6176270189763]]	2025-02-09 18:27:49.413	f	f
876	1	[[47.232020703525485,39.616967018976304],[47.232020703525485,39.616967018976304],[47.232020703525485,39.6171870189763],[47.232020703525485,39.61630701897631],[47.232020703525485,39.615207018976314],[47.232020703525485,39.61410701897632],[47.23246070352548,39.613007018976326],[47.23356070352548,39.61278701897633],[47.23466070352547,39.61278701897633],[47.235760703525465,39.61278701897633],[47.23598070352546,39.61267701897633],[47.23598070352546,39.61267701897633],[47.23598070352546,39.61267701897633]]	2025-02-09 18:28:29.505	f	f
877	1	[[47.24247070352543,39.61256701897633],[47.24258070352543,39.61245701897633],[47.24379070352542,39.61234701897633],[47.244890703525414,39.61234701897633],[47.24533070352541,39.61223701897633],[47.24533070352541,39.61223701897633],[47.24533070352541,39.61223701897633],[47.24533070352541,39.61223701897633],[47.24533070352541,39.61223701897633],[47.24533070352541,39.61223701897633],[47.24533070352541,39.61223701897633],[47.24533070352541,39.61223701897633],[47.24533070352541,39.61223701897633],[47.24533070352541,39.61223701897633],[47.24533070352541,39.61223701897633],[47.24533070352541,39.61223701897633],[47.24533070352541,39.61223701897633],[47.24533070352541,39.61223701897633],[47.24566070352541,39.61190701897633],[47.24577070352541,39.611577018976334],[47.24577070352541,39.611577018976334],[47.24577070352541,39.611577018976334],[47.24577070352541,39.611577018976334],[47.24577070352541,39.611577018976334],[47.24577070352541,39.611577018976334],[47.24577070352541,39.611577018976334],[47.24577070352541,39.611577018976334],[47.24577070352541,39.611577018976334],[47.24577070352541,39.611577018976334],[47.24577070352541,39.611577018976334],[47.24577070352541,39.611577018976334],[47.24577070352541,39.611577018976334],[47.24577070352541,39.611577018976334],[47.24577070352541,39.611577018976334],[47.24577070352541,39.611577018976334],[47.24577070352541,39.611577018976334],[47.24577070352541,39.611577018976334],[47.24577070352541,39.611577018976334],[47.24577070352541,39.611577018976334],[47.24577070352541,39.611577018976334],[47.24577070352541,39.611577018976334],[47.24577070352541,39.611577018976334],[47.24577070352541,39.611577018976334],[47.24577070352541,39.611577018976334],[47.24577070352541,39.611577018976334],[47.24577070352541,39.611577018976334],[47.24577070352541,39.611577018976334],[47.24577070352541,39.611577018976334],[47.24577070352541,39.611577018976334],[47.24577070352541,39.611577018976334],[47.24577070352541,39.611577018976334],[47.24577070352541,39.611577018976334],[47.24577070352541,39.611577018976334],[47.24577070352541,39.611577018976334],[47.24577070352541,39.611577018976334],[47.24577070352541,39.611577018976334],[47.24577070352541,39.611577018976334],[47.24577070352541,39.611577018976334],[47.24577070352541,39.611577018976334],[47.24577070352541,39.611577018976334],[47.24577070352541,39.611577018976334],[47.24577070352541,39.611577018976334],[47.24577070352541,39.611577018976334],[47.24577070352541,39.611577018976334],[47.24577070352541,39.611577018976334],[47.24577070352541,39.611577018976334],[47.24577070352541,39.611577018976334],[47.24577070352541,39.611577018976334],[47.24577070352541,39.611577018976334],[47.24577070352541,39.611577018976334],[47.24577070352541,39.611577018976334],[47.24577070352541,39.611577018976334],[47.24577070352541,39.611577018976334],[47.24577070352541,39.611577018976334],[47.24577070352541,39.611577018976334],[47.24577070352541,39.611577018976334],[47.24577070352541,39.611577018976334],[47.24577070352541,39.611577018976334],[47.24577070352541,39.611577018976334],[47.24577070352541,39.611577018976334],[47.24577070352541,39.611577018976334],[47.24577070352541,39.611577018976334],[47.24577070352541,39.611577018976334],[47.24577070352541,39.611577018976334],[47.24577070352541,39.611577018976334],[47.24577070352541,39.611577018976334],[47.24577070352541,39.611577018976334],[47.24577070352541,39.611577018976334],[47.24577070352541,39.611577018976334],[47.24577070352541,39.611577018976334],[47.24577070352541,39.611577018976334],[47.24577070352541,39.611577018976334],[47.24577070352541,39.611577018976334],[47.24577070352541,39.611577018976334],[47.24577070352541,39.611577018976334],[47.24577070352541,39.611577018976334],[47.24577070352541,39.611577018976334],[47.24577070352541,39.611577018976334],[47.24577070352541,39.611577018976334],[47.24577070352541,39.611577018976334],[47.24577070352541,39.611577018976334],[47.24577070352541,39.611577018976334],[47.24577070352541,39.611577018976334],[47.24566070352541,39.611247018976336],[47.24566070352541,39.611247018976336],[47.24566070352541,39.611247018976336],[47.24566070352541,39.611247018976336],[47.24566070352541,39.611247018976336],[47.24566070352541,39.611247018976336],[47.24566070352541,39.611247018976336],[47.24566070352541,39.611247018976336],[47.24566070352541,39.611247018976336],[47.24566070352541,39.611247018976336],[47.24566070352541,39.611247018976336]]	2025-02-09 18:31:32.003	f	f
878	1	[[47.28332835637493,39.426999402759066],[47.28332835637493,39.426999402759066],[47.28278835637493,39.426999402759066],[47.28251835637493,39.42429940275906],[47.28251835637493,39.42159940275906],[47.28251835637493,39.41889940275905],[47.28251835637493,39.41619940275905],[47.28251835637493,39.413499402759044],[47.28251835637493,39.41079940275904],[47.28251835637493,39.408099402759035],[47.28278835637493,39.40647940275903],[47.28278835637493,39.40647940275903],[47.28413835637493,39.40512940275903],[47.28413835637493,39.402429402759026],[47.28413835637493,39.39972940275902],[47.28413835637493,39.39702940275902],[47.28413835637493,39.39432940275901],[47.28440835637493,39.39324940275901],[47.28440835637493,39.39324940275901],[47.28440835637493,39.39324940275901],[47.28440835637493,39.39324940275901],[47.28440835637493,39.39324940275901],[47.28440835637493,39.39324940275901],[47.28440835637493,39.39324940275901],[47.28440835637493,39.39324940275901],[47.282908356374925,39.39274940275901],[47.282908356374925,39.387749402758985],[47.282908356374925,39.38274940275896],[47.282908356374925,39.37774940275894],[47.28540835637494,39.37274940275891],[47.29040835637496,39.36774940275889],[47.29440835637498,39.362749402758865],[47.29490835637498,39.36024940275885],[47.29090835637496,39.356249402758834],[47.29040835637496,39.35124940275881],[47.29090835637496,39.3492494027588],[47.29090835637496,39.3492494027588],[47.28338651276894,39.41823533617888],[47.28338900183357,39.418182435176035],[47.283391490873846,39.418129534168216],[47.28339397988978,39.418076633155415],[47.28339646888137,39.41802373213764],[47.28339895784861,39.41797083111489],[47.283401446791515,39.417917930087164],[47.28340393571007,39.417865029054454],[47.28340642460429,39.41781212801677],[47.28340891347416,39.417759226974106],[47.28341140231969,39.41770632592647],[47.283413891140874,39.41765342487385],[47.283416379937705,39.41760052381624],[47.28341886871019,39.41754762275366],[47.283421357458344,39.417494721686104],[47.28354576382676,39.41484966196324],[47.28367010933415,39.412204589802826],[47.283794393979974,39.40955950521083],[47.283918617763675,39.406914408193224],[47.28404278068471,39.40426929875598],[47.284166882742525,39.40162417690509],[47.284290923936574,39.398979042646516],[47.28441490426629,39.39633389598624],[47.28453882373115,39.39368873693022],[47.28494289967188,39.388106630445904],[47.28514013465067,39.38547113284687],[47.28533730920778,39.3828356155976],[47.28553442334235,39.38020007870382],[47.28573147705352,39.377564522171284],[47.2859284703404,39.37492894600571],[47.286125403202135,39.37229335021285],[47.28632227563786,39.36965773479844],[47.28651908764671,39.36702209976822],[47.286715839227824,39.36438644512795],[47.28691253038033,39.36175077088334],[47.28710916110335,39.35911507704015],[47.28730573139604,39.35647936360412],[47.2876368942929,39.3501979036723],[47.28776339302332,39.34755284877207],[47.287889830893654,39.344907781223206],[47.288016207903354,39.34226270103168],[47.288142524051835,39.33961760820346],[47.288268779338566,39.33697250274452],[47.28839497376296,39.33432738466083],[47.28852110732448,39.33168225395836],[47.28864718002255,39.32903711064309],[47.288773191856635,39.32639195472098],[47.28889914282616,39.323746786198],[47.28902503293056,39.32110160508014],[47.28915086216927,39.31845641137336],[47.28927663054176,39.315811205083634],[47.28940233804745,39.31316598621693],[47.2895279846858,39.31052075477923],[47.29018067464021,39.304265967404234],[47.290486284113406,39.30165277266096],[47.29079183418389,39.2990395477205],[47.29109732485033,39.29642629258805],[47.291402756111395,39.29381300726882],[47.29170812796578,39.29119969176799],[47.292013440412155,39.288586346090774],[47.292318693449204,39.28597297024236],[47.29308156611732,39.27943939865652],[47.29384406744825,39.272905638614525],[47.29460619742134,39.26637169019767],[47.295367956015994,39.25983755348729],[47.296129343211604,39.25330322856469],[47.29689035898756,39.24676871551124],[47.29800178248627,39.23434474490719],[47.298584440944026,39.227770263379384],[47.299166723408135,39.22119563699743],[47.29974862986265,39.21462086584869],[47.300330160291615,39.208045950020555],[47.30053930899794,39.205680191516876],[47.30053930899794,39.205680191516876],[47.30053930899794,39.205680191516876],[47.30053930899794,39.205680191516876],[47.30053930899794,39.205680191516876],[47.30053930899794,39.205680191516876],[47.30053930899794,39.205680191516876],[47.30053930899794,39.205680191516876],[47.30053930899794,39.205680191516876],[47.30053930899794,39.205680191516876],[47.30053930899794,39.205680191516876],[47.30053930899794,39.205680191516876],[47.30053930899794,39.205680191516876],[47.30053930899794,39.205680191516876],[47.30053930899794,39.205680191516876],[47.30053930899794,39.205680191516876]]	2025-02-09 18:34:42.877	f	f
879	1	[[47.22744537658196,39.64812532067299]]	2025-02-09 19:49:34.76	f	f
880	1	[[47.2324257,39.597247],[47.232598,39.596423],[47.2325239,39.5957581],[47.2323871,39.5951207],[47.2329202,39.5948547],[47.2327224,39.5937363],[47.2324686,39.5931331],[47.2320963,39.5929463],[47.232066,39.592794],[47.2324384,39.5920566],[47.2329227,39.5907476],[47.2320513,39.5902171],[47.2325784,39.5898601],[47.232808,39.5898892],[47.2328773,39.5899601],[47.2319136,39.5883308],[47.2316558,39.5885386],[47.2315958,39.5885607],[47.2315134,39.588865],[47.2314408,39.5887471],[47.2313495,39.5884748],[47.2309974,39.5885633],[47.2311779,39.5887601],[47.2310695,39.5888954],[47.2308003,39.5886588],[47.2306659,39.5882651],[47.2306224,39.588242],[47.2307531,39.5884013],[47.2308041,39.5875109],[47.2305287,39.5873307],[47.230295,39.5872015],[47.2306681,39.5855405],[47.2308233,39.5867161],[47.2309086,39.5871977],[47.2304857,39.5857024],[47.2303344,39.5853141],[47.2303289,39.5850666],[47.230118,39.5849061],[47.2299524,39.5848099],[47.2297856,39.5848365],[47.2296469,39.5847028],[47.2297503,39.5846729],[47.2297415,39.5846918]]	2025-02-10 12:11:23.742	f	f
882	1	[[47.24619618106623,39.65179254123046],[47.24619618106623,39.65234254123048],[47.24604618106623,39.6528425412305],[47.24604618106623,39.653342541230515],[47.24604618106623,39.65384254123053],[47.24604618106623,39.65434254123055],[47.24604618106623,39.654842541230565],[47.24604618106623,39.65534254123058],[47.24654618106624,39.6558425412306],[47.24704618106626,39.656342541230615],[47.247496181066275,39.65659254123062],[47.24754618106628,39.65654254123062],[47.24739618106627,39.656692541230626],[47.247496181066275,39.65649254123062],[47.247496181066275,39.656992541230636],[47.247496181066275,39.65749254123065],[47.247496181066275,39.65799254123067],[47.24739618106627,39.658492541230686],[47.24724618106627,39.65864254123069],[47.24724618106627,39.65864254123069],[47.24724618106627,39.65864254123069],[47.24714618106626,39.658742541230694],[47.24669618106625,39.65924254123071],[47.24619618106623,39.65974254123073],[47.24589618106622,39.660242541230744],[47.24589618106622,39.66074254123076],[47.24589618106622,39.66124254123078],[47.24589618106622,39.661742541230794],[47.24594618106622,39.66169254123079],[47.24594618106622,39.66169254123079],[47.24579618106622,39.6619425412308],[47.24579618106622,39.66244254123082],[47.24584618106622,39.662942541230834],[47.24584618106622,39.66344254123085],[47.24614618106623,39.66394254123087],[47.24664618106625,39.66444254123088],[47.247196181066265,39.6648925412309]]	2025-02-11 22:28:40.569	f	f
883	8	[[47.2253299,39.6526018]]	2025-02-11 22:30:48.728	f	f
884	8	[[47.225329,39.652603],[47.2253289,39.6526032],[47.2254117,39.6526032],[47.2254171,39.652604],[47.225333,39.6525998],[47.2253316,39.6525998]]	2025-02-11 22:39:01.364	f	f
881	1	[[47.22639618106623,39.64201754122982],[47.22664618106622,39.64226754122981],[47.22789618106619,39.641767541229825],[47.22914618106616,39.640517541229855],[47.22927118106616,39.64039254122986],[47.22927118106616,39.64039254122986],[47.22964618106615,39.64064254122985],[47.230771181066125,39.64064254122985],[47.232021181066095,39.64064254122985],[47.233271181066065,39.64064254122985],[47.233771181066054,39.640517541229855],[47.234146181066045,39.640142541229864],[47.235396181066015,39.63889254122989],[47.236646181065986,39.63764254122992],[47.237896181065956,39.63639254122995],[47.237896181065956,39.63639254122995],[47.237896181065956,39.63639254122995],[47.237896181065956,39.63639254122995],[47.237896181065956,39.63639254122995],[47.237896181065956,39.63639254122995],[47.237896181065956,39.63639254122995],[47.237896181065956,39.63639254122995],[47.23839618106597,39.635892541229936],[47.23859618106598,39.636142541229944],[47.23859618106598,39.63664254122996],[47.23859618106598,39.63714254122998],[47.23859618106598,39.637642541229994],[47.23889618106599,39.63814254123001],[47.239396181066006,39.63864254123003],[47.23989618106602,39.63914254123004],[47.24039618106604,39.63964254123006],[47.240896181066056,39.64014254123008],[47.24139618106607,39.64064254123009],[47.24189618106609,39.64114254123011],[47.24194618106609,39.64109254123011],[47.24184618106609,39.641292541230115],[47.2421961810661,39.64179254123013],[47.242646181066114,39.64224254123015],[47.24314618106613,39.64274254123016],[47.24334618106614,39.64324254123018],[47.24334618106614,39.643742541230196],[47.24334618106614,39.64424254123021],[47.24334618106614,39.64474254123023],[47.24334618106614,39.645242541230246],[47.243846181066154,39.64574254123026],[47.24434618106617,39.64624254123028],[47.24484618106619,39.646742541230296],[47.2453461810662,39.64724254123031],[47.24584618106622,39.647642541230326]]	2025-02-11 22:27:29.715	f	f
885	1	[[47.225546181066285,39.65151754122971],[47.225846181066295,39.65151754122971],[47.22659618106632,39.65076754122968],[47.227346181066345,39.65001754122966],[47.22772118106636,39.649642541229646],[47.22772118106636,39.649642541229646],[47.22802118106637,39.64919254122963],[47.22832118106638,39.648442541229606],[47.22839618106638,39.64761754122958],[47.22839618106638,39.64761754122958],[47.22817118106637,39.64739254122957],[47.22817118106637,39.64664254122955],[47.22742118106635,39.64589254122952],[47.22712118106634,39.6451425412295],[47.22712118106634,39.64439254122947],[47.22719618106634,39.64424254122947],[47.22719618106634,39.64424254122947],[47.22719618106634,39.64424254122947],[47.22719618106634,39.64424254122947],[47.22727118106634,39.644167541229464],[47.22727118106634,39.64341754122944],[47.22787118106636,39.642667541229414],[47.22862118106639,39.64191754122939],[47.2289211810664,39.64161754122938],[47.229446181066415,39.64131754122937],[47.23019618106644,39.640567541229345],[47.23027118106644,39.63981754122932],[47.23027118106644,39.639067541229295],[47.23027118106644,39.63831754122927],[47.23027118106644,39.637567541229245],[47.230346181066444,39.63681754122922],[47.230346181066444,39.63681754122922],[47.230346181066444,39.63681754122922],[47.230346181066444,39.63681754122922],[47.230346181066444,39.63681754122922],[47.230346181066444,39.63681754122922],[47.230346181066444,39.63681754122922],[47.230346181066444,39.63681754122922],[47.230346181066444,39.63681754122922],[47.230346181066444,39.63681754122922]]	2025-02-11 22:41:36.445	f	f
886	1	[[47.2252137,39.6526652],[47.2252093,39.6526289]]	2025-02-12 12:26:32.866	f	f
888	8	[[47.2253886,39.6506958],[47.2258625,39.6501024],[47.2259782,39.6501025],[47.2270206,39.6490545],[47.2271387,39.6488966],[47.227255,39.6487059],[47.2273425,39.648585],[47.2274372,39.6484764],[47.2275266,39.6483724],[47.2276096,39.6482698],[47.2276845,39.6481737],[47.2277567,39.6480812],[47.2278338,39.6479777],[47.2279125,39.6478792],[47.2279915,39.6477576],[47.2280818,39.6476226],[47.2281927,39.6474697],[47.2283286,39.6472899],[47.2284675,39.6471085],[47.2286031,39.6469305],[47.2287344,39.6467621],[47.2288517,39.6466088],[47.2298863,39.6452331],[47.2298128,39.6455646],[47.2297847,39.6455174],[47.2297911,39.6455511],[47.2297592,39.6455058],[47.2297164,39.6454116],[47.2297201,39.6454168],[47.229733,39.6454137],[47.2297361,39.6454027],[47.2297437,39.645359],[47.2297543,39.6453522],[47.2297871,39.6453493],[47.2298232,39.6453252],[47.2298703,39.6452824],[47.2299343,39.6451992],[47.2299986,39.6451213],[47.2300575,39.6450481],[47.23011,39.6449736],[47.2301652,39.64491],[47.2302332,39.6448328],[47.2303037,39.6447467],[47.2303805,39.6446566],[47.2304571,39.6445555],[47.2305398,39.6444481],[47.2306242,39.6443432],[47.2307107,39.6442398],[47.2308042,39.6441444],[47.2309025,39.6440464],[47.2310027,39.6439469],[47.2311096,39.6438264],[47.2312201,39.6437004],[47.2313404,39.6435531],[47.2314776,39.6433854],[47.2316186,39.6432122],[47.231765,39.6430367],[47.2319147,39.6428523],[47.232054,39.6426838],[47.2321802,39.6425174],[47.2322977,39.6423543],[47.2324151,39.6421991],[47.232533,39.6420493],[47.2326451,39.6419008],[47.2327583,39.6417658],[47.2328631,39.6416387],[47.2329592,39.6415197],[47.2330505,39.6414039],[47.2331392,39.6412765],[47.2332302,39.6411646],[47.2333109,39.6410758],[47.2333902,39.6409635],[47.2334722,39.6408542],[47.2335488,39.6407503],[47.2336216,39.6406582],[47.2336835,39.6405806],[47.2337278,39.6405156],[47.233761,39.6404736],[47.233778,39.6404533],[47.2337795,39.6404505],[47.2337772,39.6404557],[47.2337739,39.6404593],[47.2337734,39.6404599],[47.2337733,39.64046],[47.2337733,39.64046],[47.2337733,39.64046],[47.2337733,39.64046],[47.2337733,39.64046],[47.2337733,39.64046],[47.2337733,39.64046],[47.2337733,39.64046],[47.2337733,39.64046],[47.2337733,39.64046],[47.2337733,39.64046],[47.2337733,39.64046],[47.2337733,39.64046],[47.2337733,39.64046],[47.2337733,39.64046],[47.2337733,39.64046],[47.2337733,39.64046],[47.2337733,39.64046],[47.2337733,39.64046],[47.2337733,39.64046],[47.2337733,39.64046],[47.2337733,39.64046],[47.2337733,39.64046],[47.2337733,39.64046],[47.2337733,39.64046],[47.2337733,39.64046],[47.2337733,39.64046],[47.2337974,39.6404416],[47.2338016,39.6404374],[47.2338408,39.6403849],[47.2338944,39.6403143],[47.2339594,39.6402305],[47.2340332,39.6401372],[47.234112,39.6400351],[47.2341958,39.6399259],[47.2342809,39.6398122],[47.2343707,39.6396953],[47.2344643,39.6395751],[47.2345578,39.6394487],[47.2346483,39.6393129],[47.2347384,39.6391778],[47.2348313,39.6390569],[47.2349307,39.6389434],[47.2350331,39.6388154],[47.2351413,39.6386828],[47.2352545,39.6385395],[47.235371,39.6383858],[47.2354898,39.6382343],[47.2356017,39.6380948],[47.2357045,39.6379592],[47.2358014,39.6378349],[47.2358842,39.6377325],[47.2359532,39.6376527],[47.2360125,39.6375847],[47.236067,39.6375263],[47.236114,39.6374749],[47.2361541,39.6374296],[47.2361713,39.6374084],[47.2361728,39.6374067],[47.2361648,39.6374122],[47.236164,39.6374128],[47.2361592,39.6374105],[47.2361584,39.6374101],[47.2361583,39.63741],[47.2361583,39.63741],[47.2361583,39.63741],[47.2361583,39.63741],[47.2361583,39.63741],[47.2361583,39.63741],[47.2361583,39.63741],[47.2361583,39.63741],[47.2361583,39.63741],[47.2361344,39.6374057],[47.2361037,39.6374056],[47.2360639,39.6374083],[47.236035,39.6374177],[47.236043,39.6374221],[47.2360687,39.6374195],[47.2361021,39.6374087],[47.2361187,39.637407],[47.2361212,39.6374068],[47.2361214,39.6374067]]	2025-02-12 12:43:30.821	f	f
889	8	[[47.2452043,39.7098357],[47.304915,40.006985],[47.31382,39.8744067],[47.3531317,39.7837617],[47.3274867,39.8894167],[47.309045,39.7993067],[47.33047,39.847705],[47.319385,39.8166633]]	2025-02-12 12:54:27.143	f	f
891	8	[[47.2446022,39.7175942],[47.2446019,39.7175935],[47.2446355,39.7176351],[47.2446331,39.7176346],[47.2446397,39.7176497],[47.2446254,39.7176841],[47.2446239,39.7176753],[47.2446309,39.717665],[47.2446244,39.7176747],[47.2446202,39.7176749],[47.2446177,39.7176754],[47.2446133,39.7176728],[47.2446069,39.7176708],[47.2446002,39.717669],[47.2445961,39.7176689],[47.2445918,39.7176681],[47.2445869,39.7176666],[47.2445816,39.7176672],[47.2445776,39.7176659],[47.2445753,39.7176641],[47.2445748,39.7176636],[47.2445774,39.7176632],[47.2445795,39.7176593],[47.2445802,39.7176556],[47.2445803,39.7176549],[47.2445802,39.7176521],[47.2445788,39.7176485],[47.244576,39.7176465],[47.2445753,39.7176439],[47.2445738,39.7176433],[47.2445737,39.7176433],[47.2445734,39.7176433],[47.2445733,39.7176433],[47.2445733,39.7176433],[47.2445733,39.7176433],[47.2445733,39.7176433],[47.2445733,39.7176433],[47.2445733,39.7176433],[47.2445781,39.7176577],[47.2445794,39.7176733],[47.244581,39.7176891],[47.244584,39.7177096],[47.2445972,39.7177475],[47.2446388,39.7177831],[47.2446926,39.7178061],[47.24475,39.7178149],[47.2448207,39.7178043],[47.2448943,39.7177938],[47.2449695,39.7177878],[47.2450404,39.7177912],[47.2451112,39.7178003],[47.2451831,39.7178147],[47.2452538,39.7178285],[47.2453201,39.7178419],[47.2453759,39.7178488],[47.2454285,39.7178433],[47.2454682,39.7178332],[47.2454921,39.7178153],[47.2455106,39.7177877],[47.2455245,39.7177437],[47.2455305,39.7176762],[47.2455322,39.7175884],[47.2455249,39.717482],[47.2455178,39.7173764],[47.2455108,39.7172727],[47.2455118,39.7171852],[47.2455105,39.7171413],[47.2455098,39.7171206],[47.2455089,39.7171112],[47.2455109,39.7171098],[47.2455079,39.7171096],[47.245507,39.7171112],[47.2455068,39.7171127],[47.2455067,39.7171137],[47.2455067,39.7171142],[47.2455067,39.7171145],[47.2455067,39.7171147],[47.2455067,39.7171148],[47.2455067,39.7171149],[47.2455067,39.717115],[47.2455067,39.717115],[47.2455067,39.717115],[47.2455067,39.717115],[47.2455067,39.717115],[47.2455067,39.717115],[47.2455067,39.717115],[47.2455067,39.717115],[47.2455067,39.717115],[47.2455067,39.717115],[47.2455067,39.717115],[47.2455067,39.717115],[47.2455523,39.7170243],[47.245569,39.7169676],[47.2455775,39.7169085],[47.2455798,39.7168311],[47.2455814,39.7167357],[47.2455845,39.7166164],[47.2455819,39.7164694],[47.2455767,39.7163185],[47.245585,39.7161725],[47.2455885,39.7160096],[47.2455888,39.715849],[47.2455865,39.715673],[47.2455904,39.7155077],[47.2455988,39.7153424],[47.2456126,39.7151609],[47.2456174,39.7149784],[47.2456168,39.7147889],[47.245621,39.7146036],[47.2456204,39.714434],[47.2456229,39.714274],[47.2456249,39.7141394],[47.2456222,39.7140273],[47.2456212,39.7139414],[47.2456239,39.7138895],[47.2456237,39.7138639],[47.2456285,39.7138578],[47.2456267,39.7138511],[47.2456267,39.7138501],[47.2456238,39.713833],[47.2456234,39.7138304],[47.2456233,39.7138301],[47.2456317,39.7137849],[47.2456371,39.7137264],[47.2456416,39.7136742],[47.2456438,39.7136334],[47.245639,39.7136007],[47.2456336,39.7135726],[47.245631,39.7135485],[47.2456292,39.7135155],[47.2456255,39.71346],[47.2456283,39.7133858],[47.2456273,39.7133144],[47.2456261,39.7132553],[47.2456364,39.713207],[47.2456578,39.71317],[47.2456936,39.7131411],[47.2457524,39.7131214],[47.2458318,39.7131056],[47.2459269,39.7130954],[47.2460422,39.713089],[47.2461654,39.7130783],[47.2462699,39.7130678],[47.246368,39.7130657],[47.2464572,39.713064],[47.2465405,39.713062],[47.2466232,39.7130526],[47.2466974,39.7130453],[47.2467612,39.7130358],[47.2468106,39.7130285],[47.2468427,39.7130266],[47.2468625,39.7130248],[47.2468731,39.7130273],[47.2468749,39.713031],[47.2468764,39.7130316],[47.2468767,39.7130317],[47.2468767,39.7130317],[47.2468767,39.7130317],[47.2468767,39.7130317],[47.2468767,39.7130317],[47.2468767,39.7130317],[47.2468767,39.7130317],[47.2468767,39.7130317],[47.2468767,39.7130317],[47.2469026,39.7130389],[47.2469328,39.7130357],[47.2469688,39.7130316],[47.2470093,39.713028],[47.2470492,39.7130231],[47.2470923,39.7130154],[47.2471418,39.7130077],[47.2472007,39.713006],[47.2472764,39.713009],[47.2473627,39.7130095],[47.2474577,39.7130043],[47.2475489,39.7129988],[47.2476356,39.7129974],[47.247712,39.7129951],[47.2477881,39.7130007],[47.2478617,39.7130092],[47.2479361,39.7130181],[47.2480146,39.7130265],[47.2480849,39.7130293],[47.2481548,39.7130348],[47.2482247,39.7130363],[47.2482908,39.7130365],[47.2483541,39.7130328],[47.2484143,39.7130257],[47.2484768,39.7130212],[47.2485427,39.7130124],[47.2486121,39.7130024],[47.2486772,39.7129947],[47.2487368,39.712993],[47.2487896,39.7129986],[47.2488405,39.7129994],[47.2488874,39.7130022],[47.2489372,39.7130018],[47.2489924,39.7129975],[47.2490493,39.7129923],[47.2491062,39.712991],[47.2491588,39.7129906],[47.2492061,39.7129891],[47.2492454,39.7129823],[47.2492683,39.7129809],[47.2492833,39.7129813],[47.2492953,39.7129829],[47.2493064,39.7129863],[47.2493282,39.7129979],[47.2493613,39.7130164],[47.2493871,39.7130292],[47.2494025,39.7130327],[47.249406,39.7130283],[47.2494066,39.7130213],[47.2494079,39.7130155],[47.2494082,39.7130139],[47.2494083,39.7130135],[47.2494083,39.7130133],[47.2494083,39.7130133],[47.2494083,39.7130133],[47.2494083,39.7130133],[47.2494132,39.7130446],[47.2494195,39.713063],[47.2494261,39.7130754],[47.2494329,39.7130873],[47.2494445,39.7131055],[47.2494557,39.7131399],[47.2494661,39.7131879],[47.2494776,39.7132457],[47.2494882,39.7133154],[47.249497,39.7133955],[47.2495051,39.7134766],[47.2495081,39.7135632],[47.2495124,39.7136469],[47.2495149,39.7137212],[47.2495116,39.7137848],[47.2495039,39.7138403],[47.249494,39.7138869],[47.2494949,39.7139195],[47.2494974,39.7139382],[47.2495005,39.7139485],[47.2495015,39.7139667],[47.2495048,39.7140004],[47.2494977,39.7140539],[47.2494902,39.7141248],[47.2494857,39.7142212],[47.2494862,39.7143445],[47.2494826,39.714468],[47.2494846,39.7145738],[47.2494798,39.7146665],[47.2494714,39.7147619],[47.249464,39.7148692],[47.2494573,39.7149887],[47.2494509,39.715119],[47.2494412,39.7152594],[47.2494284,39.7154124],[47.2494165,39.7155681],[47.2494077,39.7157224],[47.2494006,39.7158776],[47.2493996,39.7160346],[47.2494014,39.7162078],[47.2493991,39.7163783],[47.2493908,39.7165468],[47.2493797,39.7166984],[47.2493667,39.71683],[47.2493511,39.7169437],[47.249343,39.7170255],[47.2493439,39.7170105],[47.2493463,39.7169993],[47.2493452,39.7169971],[47.249345,39.7169968],[47.249345,39.7169967],[47.249345,39.7169967],[47.2493474,39.7170504],[47.2493467,39.7171103],[47.2493442,39.7172118],[47.2493573,39.7173531],[47.249365,39.7175141],[47.24936,39.717724],[47.2493572,39.7179438],[47.2493549,39.7181781],[47.2493492,39.718419],[47.2493451,39.7186609],[47.2493339,39.7189125],[47.2493277,39.7191518],[47.2493193,39.719388],[47.2493057,39.7196159],[47.2492969,39.7198425],[47.2492894,39.7200842],[47.249284,39.7203304],[47.2492789,39.7205687],[47.2492752,39.7207999],[47.2492706,39.7210378],[47.2492655,39.7212761],[47.249259,39.7215035],[47.2492538,39.7217151],[47.2492475,39.7219238],[47.2492346,39.7221278],[47.249225,39.7223265],[47.2492191,39.7225047],[47.2492157,39.7226507],[47.249214,39.7227746],[47.2492178,39.7228721],[47.2492315,39.7229537],[47.2492439,39.7230163],[47.2492498,39.7230595],[47.2492415,39.7230787],[47.2492372,39.7230868],[47.2492333,39.7230909],[47.2492297,39.7230941],[47.2492287,39.7230933],[47.2492284,39.7230919],[47.2492247,39.7231199],[47.2492261,39.7231473],[47.2492239,39.7231795],[47.2492155,39.7232286],[47.2492119,39.7233009],[47.2492084,39.7234053],[47.2492022,39.7235292],[47.2491968,39.7236579],[47.2491955,39.7237891],[47.2491932,39.7239246],[47.2491874,39.7240607],[47.2491804,39.7242048],[47.2491697,39.7243405],[47.249164,39.7244745],[47.2491585,39.7246075],[47.249148,39.7247323],[47.2491447,39.724866],[47.2491452,39.7250059],[47.2491507,39.7251565],[47.2491593,39.7252868],[47.2491589,39.7254258],[47.2491523,39.7255758],[47.2491501,39.7257201],[47.2491485,39.7258623],[47.2491439,39.7260169],[47.249146,39.7261721],[47.2491446,39.7263276],[47.2491418,39.7264762],[47.2491299,39.7266223],[47.249125,39.7267612],[47.2491175,39.7268978],[47.2491134,39.7270386],[47.2491081,39.7271815],[47.2491022,39.7273131],[47.2490973,39.7273713],[47.2490963,39.7274266],[47.2490934,39.7274789],[47.2490927,39.727529],[47.2490958,39.7276292],[47.249094,39.7277028],[47.2490899,39.7277633],[47.2490826,39.727817],[47.2490805,39.7278586],[47.2490789,39.7278878],[47.2490725,39.7279107],[47.2490671,39.727917],[47.249062,39.7279194],[47.2490606,39.7279182],[47.2490602,39.7279168],[47.24906,39.7279155],[47.24906,39.7279148],[47.24906,39.7279143],[47.24906,39.7279139],[47.24906,39.7279137],[47.2490564,39.727956],[47.249056,39.7279622],[47.2490738,39.7280198],[47.2490782,39.7280953],[47.2490797,39.7281899],[47.2490853,39.7282906],[47.2490749,39.7284468],[47.2490726,39.7286061],[47.2490683,39.7287522],[47.2490695,39.7288898],[47.2490796,39.7290228],[47.2490925,39.7291575],[47.2491066,39.7292947],[47.2491179,39.7294334],[47.2491282,39.7295736],[47.2491384,39.7297189],[47.2491436,39.7298742],[47.2491465,39.73003],[47.249143,39.7301895],[47.2491424,39.730334],[47.2491421,39.7304734],[47.24915,39.7306116],[47.2491533,39.7307536],[47.2491527,39.7309067],[47.2491384,39.7310708],[47.2491377,39.7312272],[47.2491281,39.7313984],[47.2491194,39.7315653],[47.249112,39.7317262],[47.2491156,39.7318626],[47.2491111,39.7319838],[47.249112,39.7321039],[47.249108,39.7322174],[47.2491047,39.7323117],[47.2490972,39.7324103],[47.2490859,39.7325091],[47.2490771,39.7326038],[47.2490699,39.7326945],[47.249058,39.7327613],[47.2490488,39.7328052],[47.2490423,39.7328256],[47.2490343,39.7328321],[47.2490321,39.732832],[47.2490345,39.7328331],[47.2490349,39.7328333],[47.249035,39.7328333],[47.249035,39.7328333],[47.2490338,39.7328517],[47.2490298,39.7328778],[47.2490287,39.7329056],[47.2490272,39.7329314],[47.2490256,39.7329518],[47.2490215,39.7329715],[47.249024,39.7330064],[47.2490223,39.733076],[47.24903,39.7331301],[47.2490356,39.7331678],[47.2490405,39.7331945],[47.2490431,39.7332087],[47.2490463,39.733218],[47.249047,39.7332328],[47.2490435,39.7332582],[47.2490417,39.7333079],[47.2490406,39.7333664],[47.2490443,39.7334168],[47.2490415,39.7334613],[47.2490368,39.7335094],[47.2490315,39.7335606],[47.2490234,39.7336157],[47.2490174,39.7336617],[47.2490157,39.7336953],[47.2490144,39.7337196],[47.2490104,39.733731],[47.2490086,39.7337305],[47.2490098,39.7337301],[47.24901,39.73373],[47.24901,39.73373],[47.24901,39.73373],[47.24901,39.73373],[47.2490016,39.7337487],[47.2490006,39.733755],[47.2489998,39.7337778],[47.2490022,39.7338133],[47.2490061,39.7338504],[47.2490084,39.7338769],[47.2490076,39.7338914],[47.2490001,39.7339069],[47.2489889,39.733925],[47.2489785,39.7339549],[47.2489789,39.7339766],[47.2489844,39.7339998],[47.2489851,39.7340047],[47.2489966,39.734015],[47.2490094,39.7340241],[47.2490114,39.7340291],[47.2490102,39.7340299],[47.24901,39.73403],[47.24901,39.73403],[47.24901,39.73403],[47.24901,39.73403],[47.24901,39.73403],[47.24901,39.73403],[47.24901,39.73403],[47.24901,39.73403],[47.24901,39.73403],[47.24901,39.73403],[47.24901,39.73403],[47.24901,39.73403],[47.24901,39.73403],[47.24901,39.73403],[47.24901,39.73403],[47.24901,39.73403],[47.24901,39.73403],[47.24901,39.73403],[47.24901,39.73403],[47.24901,39.73403],[47.24901,39.73403],[47.24901,39.73403],[47.24901,39.73403],[47.24901,39.73403],[47.24901,39.73403],[47.24901,39.73403],[47.24901,39.73403],[47.24901,39.73403],[47.24901,39.73403],[47.24901,39.73403],[47.24901,39.73403],[47.24901,39.73403],[47.24901,39.73403],[47.24901,39.73403],[47.24901,39.73403],[47.24901,39.73403],[47.24901,39.73403],[47.24901,39.73403],[47.24901,39.73403],[47.24901,39.73403],[47.24901,39.73403],[47.24901,39.73403],[47.24901,39.73403],[47.24901,39.73403],[47.24901,39.73403],[47.24901,39.73403],[47.2490591,39.7340397],[47.2490808,39.7340257],[47.2490951,39.7339859],[47.2491083,39.7339013],[47.2491133,39.7337753],[47.2491192,39.7336136],[47.2491192,39.7336021],[47.2491301,39.7334229],[47.2491335,39.7332181],[47.2491318,39.7330286],[47.2491346,39.7328639],[47.2491469,39.7327223],[47.249147,39.7326267],[47.2491612,39.7325891],[47.2491541,39.7325817],[47.2491628,39.7325841],[47.2491891,39.7326041],[47.2492231,39.7326177],[47.2492634,39.7326338],[47.2493107,39.7326307],[47.249357,39.7326207],[47.2493972,39.7326063],[47.2494266,39.7325927],[47.2494486,39.7325707],[47.2494591,39.7325486],[47.2494774,39.7325329],[47.2494809,39.7325238],[47.2494803,39.7325135],[47.2494787,39.7325006],[47.2494727,39.7324832],[47.2494644,39.7324887],[47.2494693,39.7324968],[47.2494769,39.7324922],[47.2494809,39.7325003],[47.2494816,39.7325015],[47.2494943,39.7325117],[47.2495019,39.7325159],[47.2495115,39.732502],[47.2495229,39.7324931],[47.2495364,39.7324931],[47.2495432,39.7324824],[47.2495451,39.732477],[47.2495289,39.732455],[47.249521,39.7324526],[47.2495127,39.7324363],[47.2495105,39.7324317],[47.24951,39.7324305],[47.2495099,39.7324301],[47.2495099,39.73243],[47.2495099,39.73243],[47.2495099,39.73243],[47.24951,39.73243],[47.24951,39.73243],[47.24951,39.73243],[47.24951,39.73243],[47.24951,39.73243],[47.24951,39.73243],[47.24951,39.73243],[47.24951,39.73243],[47.24952,39.7323326],[47.249524,39.7323016],[47.24953,39.7322919],[47.2495441,39.7322602],[47.2495479,39.7322514],[47.2495488,39.732249],[47.2495489,39.7322484],[47.2495427,39.7321904],[47.2495433,39.7321695],[47.2495472,39.7321518],[47.2495531,39.7321384],[47.2495547,39.7321347],[47.2495551,39.7321337],[47.2495552,39.7321334],[47.2495552,39.7321333]]	2025-02-12 13:05:01.509	f	f
887	8	[[47.2250537,39.6522463],[47.2251588,39.652293],[47.2253206,39.6527063],[47.2253044,39.6527569],[47.2253173,39.6528428],[47.2253219,39.6530308],[47.2253522,39.6531192],[47.2253608,39.6531833],[47.2253662,39.6532285],[47.2253736,39.6532627],[47.2253873,39.6532916],[47.2254008,39.6533219],[47.225407,39.6533463],[47.2254133,39.6533991],[47.225428,39.6534803],[47.2254516,39.6535684],[47.2254837,39.6536641],[47.2255152,39.6537942],[47.2255376,39.6538689],[47.2255619,39.6539794],[47.2255769,39.6541007],[47.2255931,39.6542092],[47.2256085,39.6543069],[47.2256238,39.6543973],[47.2256352,39.6544813],[47.2256527,39.6545512],[47.2256867,39.654608],[47.2257243,39.654647],[47.2257708,39.654653],[47.2258286,39.6546275],[47.2259059,39.6545823],[47.2259912,39.654537],[47.2260692,39.6545009],[47.2261367,39.6544721],[47.2261973,39.6544486],[47.2262406,39.6544219],[47.2262695,39.6544008],[47.2262899,39.6543853],[47.2262915,39.6543841],[47.2263097,39.6543767],[47.2263344,39.6543611],[47.2263641,39.6543455],[47.2263979,39.65434],[47.2264438,39.6543371],[47.226503,39.6543224],[47.2265044,39.654322],[47.2265731,39.6543083],[47.2266471,39.6542907],[47.2267274,39.6542656],[47.2267971,39.654247],[47.2268665,39.6542202],[47.2269126,39.6541754],[47.2269268,39.654119],[47.2269178,39.6540552],[47.2268969,39.6539778],[47.2268648,39.6538831],[47.2268386,39.6537794],[47.2268133,39.6536573],[47.2267878,39.6535218],[47.2267641,39.6533711],[47.2267424,39.653216],[47.226721,39.6530728],[47.2267079,39.6529443],[47.2266975,39.6528102],[47.2266807,39.6526682],[47.2266581,39.6525211],[47.2266361,39.6523731],[47.2266218,39.6522582],[47.2265954,39.6521698],[47.2265602,39.6520721],[47.2265295,39.652019],[47.2265132,39.6519746],[47.2265059,39.6519292],[47.2264944,39.6518645],[47.2264746,39.6517647],[47.2264551,39.6516519],[47.2264319,39.6515459],[47.2264097,39.6514642],[47.2263843,39.6514223],[47.2263662,39.6513882],[47.2263552,39.6513462],[47.2263301,39.6512952],[47.2262865,39.6512236],[47.2262404,39.6511417],[47.2262012,39.6510684],[47.2261722,39.6510135],[47.2261481,39.6509899],[47.2261297,39.6509725],[47.2261223,39.650963],[47.2261134,39.6509642],[47.2261048,39.6509789],[47.2260907,39.6509967],[47.2260729,39.6510291],[47.2260498,39.6510652],[47.2260289,39.6511041],[47.2260029,39.6511353],[47.2259757,39.6511671],[47.2259531,39.6511989],[47.2259345,39.6512246],[47.2259126,39.6512534],[47.2258865,39.6512895],[47.225854,39.6513249],[47.225818,39.6513676],[47.2257925,39.6514023],[47.2257687,39.6514407],[47.2257409,39.6514788],[47.2257178,39.6515149],[47.2257003,39.651541],[47.2256879,39.651558],[47.2256794,39.6515758],[47.2256632,39.6516016],[47.2256438,39.6516262],[47.2256221,39.6516485],[47.2256045,39.6516774],[47.2255852,39.6517031],[47.2255637,39.6517298],[47.2255529,39.651745],[47.2255402,39.6517601],[47.2255241,39.651779],[47.2255035,39.6518007],[47.2254729,39.6518391],[47.2254424,39.6518842],[47.2254083,39.6519208],[47.2253716,39.6519566],[47.2253392,39.6519961],[47.225311,39.6520367],[47.2252826,39.6520699],[47.2252532,39.6521093],[47.2252248,39.6521465],[47.2252009,39.6521767],[47.2251832,39.6522017],[47.225168,39.6522259],[47.2251565,39.652245],[47.225146,39.6522577],[47.2251349,39.6522689],[47.2251223,39.6522838],[47.2251115,39.6523012]]	2025-02-12 12:33:44.831	f	f
890	8	[[47.319385,39.8166633],[47.319385,39.8166633],[47.319385,39.8166633],[47.319385,39.8166633],[47.319385,39.8166633],[47.2452783,39.715205],[47.244784,39.7155011],[47.2447073,39.7157891],[47.2446785,39.7160433],[47.2446827,39.7162749],[47.2446758,39.7164876],[47.2446744,39.7166738],[47.2446689,39.7168397],[47.2446599,39.7169881],[47.2446512,39.7171384],[47.2446481,39.7172488],[47.2446466,39.717341],[47.2446455,39.717414],[47.2446429,39.7174785],[47.244636,39.7175366],[47.244623,39.7175727],[47.2446122,39.7176002]]	2025-02-12 12:55:20.048	f	f
892	1	[[47.22927118106616,39.64764254122983],[47.22939618106616,39.64764254122983],[47.23064618106613,39.64639254122986],[47.2318961810661,39.64514254122989],[47.23314618106607,39.64389254122992],[47.23427118106604,39.64264254122995],[47.23302118106607,39.641392541229976],[47.2317711810661,39.640142541230006],[47.23052118106613,39.638892541230035],[47.22927118106616,39.637642541230065],[47.22914618106616,39.637267541230074],[47.22802118106619,39.636767541230085],[47.22677118106622,39.635517541230115],[47.22552118106625,39.635517541230115],[47.22427118106628,39.635517541230115],[47.2232711810663,39.63539254123012]]	2025-02-12 17:50:23.65	f	f
893	1	[[47.2232711810663,39.63539254123012],[47.22214618106633,39.63564254123011],[47.22089618106636,39.63689254123008],[47.21964618106639,39.63814254123005],[47.2192711810664,39.63939254123002],[47.220146181066376,39.640642541229994],[47.221396181066346,39.641892541229964],[47.22264618106632,39.643142541229935],[47.22302118106631,39.64326754122993],[47.22302118106631,39.64326754122993],[47.22302118106631,39.64326754122993],[47.22302118106631,39.64326754122993],[47.222771181066314,39.643142541229935],[47.224021181066284,39.64301754122994],[47.225271181066255,39.64301754122994],[47.226521181066225,39.64301754122994],[47.227771181066196,39.642767541229944],[47.228271181066184,39.642267541229955],[47.228271181066184,39.642267541229955],[47.228271181066184,39.642267541229955],[47.228271181066184,39.642267541229955],[47.228271181066184,39.642267541229955],[47.228271181066184,39.642267541229955],[47.228271181066184,39.642267541229955],[47.228271181066184,39.642267541229955],[47.228271181066184,39.642267541229955],[47.228271181066184,39.642267541229955],[47.228271181066184,39.642267541229955],[47.228271181066184,39.642267541229955],[47.228271181066184,39.642267541229955],[47.228271181066184,39.642267541229955],[47.228271181066184,39.642267541229955],[47.228271181066184,39.642267541229955],[47.228271181066184,39.642267541229955],[47.228271181066184,39.642267541229955],[47.228271181066184,39.642267541229955],[47.228271181066184,39.642267541229955],[47.228271181066184,39.642267541229955],[47.228271181066184,39.642267541229955],[47.228271181066184,39.642267541229955],[47.228271181066184,39.642267541229955],[47.228271181066184,39.642267541229955]]	2025-02-12 17:51:19.057	f	f
\.


--
-- Data for Name: session; Type: TABLE DATA; Schema: public; Owner: neondbowner
--

COPY public.session (sid, sess, expire) FROM stdin;
5AmHLFbY75RQXvidUQMnM4sgXVEs4gjp	{"cookie":{"originalMaxAge":null,"expires":null,"httpOnly":true,"path":"/"},"passport":{"user":1}}	2025-02-12 22:22:06
SQne1Q2gBGguCnaa0yzNfkrS8S7Z-w8f	{"cookie":{"originalMaxAge":null,"expires":null,"httpOnly":true,"path":"/"},"passport":{"user":1}}	2025-02-13 03:45:31
85KaEeePALEqoOREA3fNfbnyAk9w5oC2	{"cookie":{"originalMaxAge":null,"expires":null,"httpOnly":true,"path":"/"},"passport":{"user":8}}	2025-02-12 22:44:49
p-DRWM4FP_q4UVLoj4VrtKl3t5Z9hRKY	{"cookie":{"originalMaxAge":null,"expires":null,"httpOnly":true,"path":"/"},"passport":{"user":1}}	2025-02-13 03:43:16
f3LmFH66QaKndT_UHmk431CxeiCZbTA9	{"cookie":{"originalMaxAge":null,"expires":null,"httpOnly":true,"path":"/"},"passport":{"user":1}}	2025-02-12 22:42:19
lSN3ckO4wumet5xopaA0bK3Y9zP9ZJZb	{"cookie":{"originalMaxAge":null,"expires":null,"httpOnly":true,"path":"/"},"passport":{"user":1}}	2025-02-13 03:43:17
jlskTN-3SKM7HhiX2W8iHfNQ27pkopP7	{"cookie":{"originalMaxAge":null,"expires":null,"httpOnly":true,"path":"/"},"passport":{"user":1}}	2025-02-12 19:41:11
5cq0GAlnGn4vPeKwc2wNFkvAXCI6x1gJ	{"cookie":{"originalMaxAge":null,"expires":null,"httpOnly":true,"path":"/"},"passport":{"user":7}}	2025-02-13 03:39:43
ApFMkjko0XUqV7knJcd1fYMoPiqlvc4w	{"cookie":{"originalMaxAge":null,"expires":null,"httpOnly":true,"path":"/"},"passport":{"user":2}}	2025-02-13 09:59:36
pEzhXc0zpLOhrfgTBsDEDLFXOVs3g_OL	{"cookie":{"originalMaxAge":null,"expires":null,"httpOnly":true,"path":"/"},"passport":{"user":1}}	2025-02-13 03:36:50
iczrTLz0_T6Z8zL8_chfHuLu4kQ3XSsK	{"cookie":{"originalMaxAge":null,"expires":null,"httpOnly":true,"path":"/"},"passport":{"user":1}}	2025-02-13 12:29:37
cOgqZzr9AcNVaurwYfVHtvauClHeH0Nw	{"cookie":{"originalMaxAge":null,"expires":null,"httpOnly":true,"path":"/"},"passport":{"user":8}}	2025-02-12 22:33:59
Xo1_MK7jE7MEPeiQx_U8aEt84RrzMbSq	{"cookie":{"originalMaxAge":null,"expires":null,"httpOnly":true,"path":"/"},"passport":{"user":8}}	2025-02-13 13:05:03
6COO5pm4owQ8uUv1N7C5PoswoY08fDdF	{"cookie":{"originalMaxAge":null,"expires":null,"httpOnly":true,"path":"/"},"passport":{"user":1}}	2025-02-13 17:51:48
\.


--
-- Data for Name: user_actions; Type: TABLE DATA; Schema: public; Owner: neondbowner
--

COPY public.user_actions (id, user_id, action_type, points, created_at, target_id) FROM stdin;
1	2	checkpoint_add	2	2025-02-09 21:58:57.207	146
2	1	route_verify	10	2025-02-09 22:04:30.468	541
3	1	route_verify	10	2025-02-09 22:06:59.762	571
4	1	route_verify	10	2025-02-09 22:07:10.73	1
5	2	checkpoint_add	2	2025-02-09 22:13:47.933	147
6	2	checkpoint_add	2	2025-02-09 22:14:12.862	148
7	3	checkpoint_add	2	2025-02-09 22:24:23.154	149
8	3	checkpoint_add	2	2025-02-09 22:24:25.938	150
9	2	checkpoint_confirm	1	2025-02-09 22:32:22.982	150
10	4	checkpoint_confirm	1	2025-02-09 22:34:36.31	150
11	4	checkpoint_confirm	1	2025-02-09 22:34:50.898	146
12	4	checkpoint_confirm	1	2025-02-09 22:49:10.659	147
13	4	checkpoint_confirm	1	2025-02-09 22:49:16.634	148
14	2	checkpoint_confirm	1	2025-02-09 22:58:22.583	149
15	1	checkpoint_confirm	1	2025-02-09 23:06:17.277	149
16	1	checkpoint_confirm	1	2025-02-09 23:06:34.011	148
17	1	checkpoint_confirm	1	2025-02-09 23:06:42.363	147
18	1	checkpoint_confirm	1	2025-02-09 23:06:46.58	150
19	3	checkpoint_confirm_bonus	2	2025-02-09 23:06:46.697	150
20	1	checkpoint_add	2	2025-02-10 11:02:26.641	151
21	1	checkpoint_add	2	2025-02-10 11:02:40.128	152
22	1	checkpoint_add	2	2025-02-10 11:02:46.576	153
23	5	checkpoint_add	2	2025-02-10 11:03:12.128	154
24	5	checkpoint_confirm	1	2025-02-10 11:03:15.816	152
25	5	checkpoint_confirm	1	2025-02-10 11:03:22.834	153
26	5	checkpoint_add	2	2025-02-10 11:03:35.268	155
27	5	checkpoint_add	2	2025-02-10 11:03:42.825	156
28	5	checkpoint_add	2	2025-02-10 11:03:45.145	157
29	5	checkpoint_add	2	2025-02-10 11:03:47.401	158
30	5	checkpoint_add	2	2025-02-10 11:03:49.534	159
31	5	checkpoint_add	2	2025-02-10 11:03:51.679	160
32	5	checkpoint_add	2	2025-02-10 11:03:53.72	161
33	5	checkpoint_add	2	2025-02-10 11:03:55.987	162
34	5	checkpoint_add	2	2025-02-10 11:03:58.428	163
35	5	checkpoint_add	2	2025-02-10 11:04:27.383	164
36	5	checkpoint_add	2	2025-02-10 11:04:34.31	165
37	1	route_add	5	2025-02-10 12:11:23.926	880
38	1	checkpoint_add	2	2025-02-11 16:06:02.464	166
39	1	checkpoint_add	2	2025-02-11 16:10:06.172	167
40	1	checkpoint_add	2	2025-02-11 16:10:10.303	168
41	1	checkpoint_add	2	2025-02-11 16:10:17.068	169
42	1	checkpoint_add	2	2025-02-11 16:10:19.658	170
43	1	checkpoint_add	2	2025-02-11 16:10:25.59	171
44	1	checkpoint_add	2	2025-02-11 16:10:32.264	172
45	1	checkpoint_add	2	2025-02-11 16:10:35.013	173
46	1	checkpoint_add	2	2025-02-11 16:10:47.07	174
47	1	checkpoint_add	2	2025-02-11 16:10:49.41	175
48	1	checkpoint_add	2	2025-02-11 16:10:58.275	176
49	1	checkpoint_add	2	2025-02-11 16:20:59.042	177
50	1	checkpoint_add	2	2025-02-11 16:21:02.007	178
51	1	checkpoint_add	2	2025-02-11 16:21:06.331	179
52	6	checkpoint_reject	1	2025-02-11 16:28:00.917	179
53	6	checkpoint_reject	1	2025-02-11 16:28:22.636	177
54	6	checkpoint_confirm	1	2025-02-11 16:28:32.358	178
55	7	checkpoint_reject	1	2025-02-11 17:43:39.073	179
56	7	checkpoint_reject	1	2025-02-11 17:43:48.814	177
57	7	checkpoint_confirm	1	2025-02-11 17:52:21.9	178
58	1	checkpoint_add	2	2025-02-11 17:54:13.999	180
59	1	checkpoint_add	2	2025-02-11 17:54:15.802	181
60	1	checkpoint_add	2	2025-02-11 17:54:18.034	182
61	1	checkpoint_add	2	2025-02-11 17:54:24.165	183
62	7	checkpoint_confirm	1	2025-02-11 18:14:48.512	179
63	7	checkpoint_confirm	1	2025-02-11 18:14:53.371	183
64	7	checkpoint_confirm	1	2025-02-11 18:18:52.114	177
65	7	checkpoint_add	2	2025-02-11 18:28:48.244	184
66	7	checkpoint_add	2	2025-02-11 18:28:49.844	185
67	7	checkpoint_add	2	2025-02-11 18:28:51.949	186
68	7	checkpoint_reject	1	2025-02-11 18:57:46.688	177
69	1	checkpoint_confirm	1	2025-02-11 21:07:34.186	184
70	1	checkpoint_add	2	2025-02-11 21:12:39.634	187
71	1	checkpoint_add	2	2025-02-11 21:45:25.151	188
72	1	checkpoint_add	2	2025-02-11 21:48:39.044	189
73	1	checkpoint_add	2	2025-02-11 21:48:41.447	190
74	1	checkpoint_add	2	2025-02-11 21:54:43.01	191
75	1	checkpoint_add	2	2025-02-11 22:06:52.194	192
76	1	checkpoint_add	2	2025-02-11 22:16:36.041	193
77	1	route_add	5	2025-02-11 22:27:29.91	881
78	1	checkpoint_add	2	2025-02-11 22:28:22.242	194
79	1	route_add	5	2025-02-11 22:28:40.732	882
80	8	route_add	5	2025-02-11 22:30:48.904	883
81	8	checkpoint_add	2	2025-02-11 22:32:07.972	195
82	8	checkpoint_add	2	2025-02-11 22:32:21.501	196
83	8	checkpoint_confirm	1	2025-02-11 22:32:34.007	192
84	8	checkpoint_confirm	1	2025-02-11 22:32:38.499	187
85	8	checkpoint_confirm	1	2025-02-11 22:32:50.873	193
86	8	checkpoint_add	2	2025-02-11 22:33:00.231	197
87	1	checkpoint_confirm	1	2025-02-11 22:33:08.418	195
88	8	checkpoint_add	2	2025-02-11 22:33:34.871	198
89	1	checkpoint_confirm	1	2025-02-11 22:33:35.48	197
90	8	checkpoint_add	2	2025-02-11 22:34:43.536	199
91	8	checkpoint_add	2	2025-02-11 22:34:49.226	200
92	8	checkpoint_add	2	2025-02-11 22:34:52.978	201
93	8	checkpoint_add	2	2025-02-11 22:34:59.076	202
94	8	checkpoint_add	2	2025-02-11 22:35:01.277	203
95	8	checkpoint_add	2	2025-02-11 22:35:04.122	204
96	8	checkpoint_add	2	2025-02-11 22:35:07.014	205
97	8	checkpoint_add	2	2025-02-11 22:35:09.648	206
98	8	checkpoint_add	2	2025-02-11 22:35:12.061	207
99	8	checkpoint_add	2	2025-02-11 22:35:19.253	208
100	8	checkpoint_add	2	2025-02-11 22:35:22.024	209
101	8	checkpoint_add	2	2025-02-11 22:35:24.089	210
102	8	checkpoint_add	2	2025-02-11 22:35:29.147	211
103	8	checkpoint_add	2	2025-02-11 22:35:31.336	212
104	8	checkpoint_add	2	2025-02-11 22:35:37.494	213
105	8	checkpoint_add	2	2025-02-11 22:35:39.216	214
106	8	checkpoint_add	2	2025-02-11 22:35:43.724	215
107	8	checkpoint_add	2	2025-02-11 22:35:46.622	216
108	8	checkpoint_add	2	2025-02-11 22:35:50.652	217
110	8	checkpoint_add	2	2025-02-11 22:35:59.236	219
109	8	checkpoint_add	2	2025-02-11 22:35:56.265	218
111	1	checkpoint_add	2	2025-02-11 22:36:07.237	220
112	8	checkpoint_add	2	2025-02-11 22:36:07.932	221
113	8	checkpoint_confirm	1	2025-02-11 22:36:38.079	220
114	1	checkpoint_confirm	1	2025-02-11 22:36:57.882	210
115	1	checkpoint_confirm	1	2025-02-11 22:36:59.321	218
116	8	checkpoint_add	2	2025-02-11 22:38:12.172	222
117	8	checkpoint_add	2	2025-02-11 22:38:58.453	223
118	8	route_add	5	2025-02-11 22:39:01.434	884
119	8	checkpoint_add	2	2025-02-11 22:40:17.597	224
120	8	checkpoint_add	2	2025-02-11 22:40:19.086	225
121	8	checkpoint_add	2	2025-02-11 22:40:33.217	226
122	8	checkpoint_add	2	2025-02-11 22:41:29.017	227
123	1	route_add	5	2025-02-11 22:41:36.514	885
124	8	checkpoint_add	2	2025-02-11 22:42:05.023	228
125	8	checkpoint_add	2	2025-02-11 22:42:09.3	229
126	8	checkpoint_add	2	2025-02-11 22:42:12.928	230
127	8	checkpoint_add	2	2025-02-11 22:42:14.647	231
128	8	checkpoint_add	2	2025-02-11 22:42:17.084	232
129	8	checkpoint_add	2	2025-02-11 22:42:18.6	233
130	8	checkpoint_add	2	2025-02-11 22:42:21.452	234
131	8	checkpoint_add	2	2025-02-11 22:43:55.06	235
132	8	checkpoint_add	2	2025-02-11 22:43:56.919	236
133	8	checkpoint_add	2	2025-02-11 22:43:58.228	237
134	8	checkpoint_add	2	2025-02-11 22:44:01.829	238
135	8	checkpoint_add	2	2025-02-11 22:44:05.129	239
136	8	checkpoint_add	2	2025-02-11 22:44:06.471	240
137	8	checkpoint_add	2	2025-02-11 22:44:07.916	241
138	8	checkpoint_add	2	2025-02-11 22:44:09.965	242
139	8	checkpoint_add	2	2025-02-11 22:44:11.806	243
140	8	checkpoint_add	2	2025-02-11 22:44:13.539	244
141	8	checkpoint_add	2	2025-02-11 22:44:14.874	245
142	8	checkpoint_add	2	2025-02-11 22:44:15.975	246
143	8	checkpoint_add	2	2025-02-11 22:44:17.271	247
144	8	checkpoint_add	2	2025-02-11 22:44:18.88	248
145	8	checkpoint_add	2	2025-02-11 22:44:20.408	249
146	8	checkpoint_add	2	2025-02-11 22:44:21.843	250
147	8	checkpoint_add	2	2025-02-11 22:44:23.518	251
148	8	checkpoint_add	2	2025-02-11 22:44:25.041	252
149	8	checkpoint_add	2	2025-02-11 22:44:26.193	253
150	8	checkpoint_add	2	2025-02-11 22:44:28.102	254
151	8	checkpoint_add	2	2025-02-11 22:44:29.408	255
152	8	checkpoint_add	2	2025-02-11 22:44:30.564	256
153	8	checkpoint_add	2	2025-02-11 22:44:32.39	257
154	8	checkpoint_add	2	2025-02-11 22:44:33.606	258
155	8	checkpoint_add	2	2025-02-11 22:44:34.958	259
156	8	checkpoint_add	2	2025-02-11 22:44:36.874	260
157	1	checkpoint_reject	1	2025-02-11 22:59:06.402	246
158	1	checkpoint_reject	1	2025-02-11 22:59:12.585	249
159	1	checkpoint_confirm	1	2025-02-12 00:05:10.377	219
160	1	checkpoint_confirm	1	2025-02-12 00:41:15.784	219
161	7	checkpoint_add	2	2025-02-12 00:54:29.357	261
162	7	checkpoint_add	2	2025-02-12 00:54:32.33	262
163	7	checkpoint_add	2	2025-02-12 00:54:48.689	263
164	7	checkpoint_add	2	2025-02-12 00:54:51.547	264
165	7	checkpoint_add	2	2025-02-12 00:54:54.886	265
166	1	checkpoint_add	2	2025-02-12 00:56:34.591	266
167	1	checkpoint_add	2	2025-02-12 00:56:37.088	267
168	1	checkpoint_add	2	2025-02-12 00:56:40.081	268
169	1	checkpoint_add	2	2025-02-12 00:56:42.892	269
170	1	checkpoint_add	2	2025-02-12 00:56:46.074	270
171	1	checkpoint_add	2	2025-02-12 00:56:48.119	271
172	1	checkpoint_add	2	2025-02-12 00:56:51.727	272
173	1	checkpoint_add	2	2025-02-12 00:56:59.574	273
174	1	checkpoint_confirm	1	2025-02-12 01:09:00.714	263
175	1	checkpoint_confirm	1	2025-02-12 01:14:15.256	265
176	1	checkpoint_confirm	1	2025-02-12 01:14:17.685	265
177	1	checkpoint_confirm	1	2025-02-12 01:14:19.982	265
178	1	checkpoint_confirm	1	2025-02-12 01:14:21.808	265
179	1	checkpoint_confirm	1	2025-02-12 01:14:28.381	265
180	1	checkpoint_confirm	1	2025-02-12 01:14:32.356	265
181	1	checkpoint_reject	1	2025-02-12 01:14:34.458	265
182	1	checkpoint_confirm	1	2025-02-12 01:14:37.474	265
183	7	checkpoint_confirm	1	2025-02-12 01:15:06.009	266
184	7	checkpoint_confirm	1	2025-02-12 01:15:29.627	189
185	7	checkpoint_reject	1	2025-02-12 01:15:42.872	273
186	7	checkpoint_confirm	1	2025-02-12 01:19:28.583	219
187	1	checkpoint_add	2	2025-02-12 01:49:00.241	274
188	1	checkpoint_add	2	2025-02-12 02:33:10.715	275
189	7	checkpoint_add	2	2025-02-12 02:33:31.429	276
190	7	checkpoint_add	2	2025-02-12 02:33:35.353	277
191	7	checkpoint_add	2	2025-02-12 02:33:36.71	278
192	7	checkpoint_add	2	2025-02-12 02:33:38.459	279
193	7	checkpoint_confirm	1	2025-02-12 02:33:40.598	266
194	7	checkpoint_confirm	1	2025-02-12 02:33:45.797	275
195	7	checkpoint_confirm	1	2025-02-12 02:33:49.11	271
196	1	checkpoint_add	2	2025-02-12 02:45:31.401	280
197	1	checkpoint_add	2	2025-02-12 02:45:34.411	281
198	1	checkpoint_add	2	2025-02-12 02:45:36.134	282
199	1	checkpoint_add	2	2025-02-12 02:45:38.032	283
200	1	checkpoint_add	2	2025-02-12 02:45:40.36	284
201	1	checkpoint_add	2	2025-02-12 02:45:44.944	285
202	1	checkpoint_add	2	2025-02-12 02:45:46.821	286
203	1	checkpoint_add	2	2025-02-12 02:45:48.92	287
204	1	checkpoint_add	2	2025-02-12 02:45:50.885	288
205	1	checkpoint_add	2	2025-02-12 02:45:54.335	289
206	1	checkpoint_add	2	2025-02-12 02:45:57.973	290
207	1	checkpoint_add	2	2025-02-12 02:46:00.126	291
208	1	checkpoint_add	2	2025-02-12 02:46:02.591	292
209	1	checkpoint_add	2	2025-02-12 02:46:07.856	293
210	1	checkpoint_add	2	2025-02-12 02:46:10.404	294
211	1	checkpoint_add	2	2025-02-12 02:46:13.371	295
212	1	checkpoint_add	2	2025-02-12 02:46:15.269	296
213	1	checkpoint_add	2	2025-02-12 02:46:17.18	297
214	1	checkpoint_add	2	2025-02-12 03:18:46.822	298
215	1	checkpoint_add	2	2025-02-12 03:28:01.901	299
216	1	checkpoint_add	2	2025-02-12 03:28:05.989	300
217	1	checkpoint_add	2	2025-02-12 03:28:07.988	301
218	1	checkpoint_add	2	2025-02-12 03:28:11.712	302
219	1	checkpoint_add	2	2025-02-12 03:28:19.962	303
220	1	checkpoint_add	2	2025-02-12 03:28:22.892	304
221	1	checkpoint_add	2	2025-02-12 03:28:24.853	305
222	1	checkpoint_add	2	2025-02-12 03:28:26.857	306
223	1	checkpoint_add	2	2025-02-12 03:28:31.528	307
224	1	checkpoint_add	2	2025-02-12 03:28:34.143	308
225	1	checkpoint_add	2	2025-02-12 03:28:36.36	309
226	1	checkpoint_add	2	2025-02-12 03:28:38.946	310
227	1	checkpoint_add	2	2025-02-12 03:28:40.831	311
228	1	checkpoint_add	2	2025-02-12 03:28:47.332	312
229	1	checkpoint_add	2	2025-02-12 03:28:51.325	313
230	1	checkpoint_add	2	2025-02-12 03:28:56.858	314
231	1	checkpoint_add	2	2025-02-12 03:29:00.787	315
232	1	checkpoint_add	2	2025-02-12 03:29:06.75	316
233	1	checkpoint_add	2	2025-02-12 03:29:15.071	317
234	1	checkpoint_add	2	2025-02-12 03:29:56.143	318
235	1	checkpoint_add	2	2025-02-12 03:29:59.876	319
236	1	checkpoint_add	2	2025-02-12 03:33:08.657	320
237	1	checkpoint_add	2	2025-02-12 03:33:19.4	321
238	1	checkpoint_add	2	2025-02-12 03:33:23.537	322
239	1	checkpoint_add	2	2025-02-12 03:33:25.668	323
240	1	checkpoint_add	2	2025-02-12 03:33:27.672	324
241	1	checkpoint_add	2	2025-02-12 03:33:29.94	325
242	1	checkpoint_add	2	2025-02-12 03:33:31.942	326
243	1	checkpoint_add	2	2025-02-12 03:33:34.463	327
244	1	checkpoint_add	2	2025-02-12 03:33:46.316	328
245	1	checkpoint_add	2	2025-02-12 03:33:51.73	329
246	1	checkpoint_add	2	2025-02-12 03:34:05.301	330
247	2	checkpoint_add	2	2025-02-12 09:59:35.048	331
248	1	route_add	5	2025-02-12 12:26:35.05	886
249	8	route_add	5	2025-02-12 12:33:47.054	887
250	8	route_add	5	2025-02-12 12:43:31.011	888
251	8	checkpoint_add	2	2025-02-12 12:43:48.994	332
252	8	route_add	5	2025-02-12 12:54:27.322	889
253	8	route_add	5	2025-02-12 12:55:20.223	890
254	8	checkpoint_add	2	2025-02-12 12:55:44.745	333
255	8	checkpoint_add	2	2025-02-12 12:55:56.577	334
256	8	route_add	5	2025-02-12 13:05:01.733	891
257	1	route_add	5	2025-02-12 17:50:23.842	892
258	1	checkpoint_add	2	2025-02-12 17:50:47.312	335
259	1	route_add	5	2025-02-12 17:51:19.239	893
260	1	checkpoint_add	2	2025-02-12 17:51:30.75	336
261	1	checkpoint_add	2	2025-02-12 17:51:35.346	337
\.


--
-- Data for Name: users; Type: TABLE DATA; Schema: public; Owner: neondbowner
--

COPY public.users (id, username, password, reputation, is_admin, penalty_points, last_active_at, display_name, car_number, avatar_url) FROM stdin;
6	777	d8e96fb7f5900e5a1f86baa5e5bbbb9d679655c33cdabfdf624e1cc10e69a4584c87c45e6283611b4f6f0fd7c9e8ceda55b63ae50a82ae68c88233587fcd5fda.921b6950173f80b752da71f77166455d	3	f	0	2025-02-11 16:28:32.389	\N	\N	\N
1	Hax	d9b7a17241d73efed6e96adffe8184a93454e2a532320957c7ed0066949998c950ce166814b2a6a4702e58899ef8d5407d5ef84c379a4bb54664048cb2d62510.a1bee350179334d5552d2de1c5bbf1c0	275	t	0	2025-02-12 17:51:35.38	Ддд	В024нт761	/uploads/avatar-1739330307432-732539461.jpg
5	Hhh	bfd9e1e5bb7451024baf91584ac0d90ebd57ae19c905608da706d3e237c732006c4550c003579685eeda0db3bb2bdf02aa51a617d710fd4b44d25fe62bef57f8.6edf6af3fba86881f045f3aa96b2c85f	26	f	0	2025-02-10 11:04:34.338	\N	\N	\N
2	hax	e0f9862b762efe77ce5fd5e0aff6688f95c3c308c659a372b91e7ac74d78d2ab7a101810b35c878ac5f6ca9ca5c423d419cea47e9d2dc3b011ef48a1fd06e637.878cb24d40cf5ecdcbcd66a5d0760daa	10	t	0	2025-02-12 09:59:35.081	\N	\N	\N
4	rrr	ae179c7f08dbfbf02dc9887244829984489bd1f55c9cdc270909516e4b0571a85ec26788e34b76d75ccfdd13925e8410a1af9b645ebc8f2471bc249d538a9e2c.65240b2e2abecc6092003ffa0df68638	4	f	0	2025-02-09 22:49:16.67	\N	\N	\N
3	еее	586fa571394e37e07ea18f38e8f44d010174d88f065dd19353fa31db7f7ac2f9ac9becf605cadc17c679e76bbc149ee98b6ae73d4ffb1ee0eb339f9925fe1d7c.1e6b9cd8d96b5947057b7682a3743a88	6	f	0	2025-02-09 23:06:46.727	\N	\N	\N
7	7777	aba5c84d5742e0997b2d639326f4524861711bdf7ba7b369c355e476daa53073c8549af312904d63379e9f931be86cd47a4a3ca3deeffc7b3b1379b7607bf605.0b41efe4d1bfe0e51239a5f3f354c6c4	38	f	0	2025-02-12 02:33:49.139	\N	\N	/uploads/avatar-1739321749921-109121229.jpg
8	Ммм	46a99356b5b646da74c2056420ec11fa6ea30fdbfddec769427b4f1cd6e7f983ad75ea8b42504f19dc03eca9acbde9f0921707db7a39e93d5b4ee09c2f746338.7af09c3fa5b8e1bbdb840a47bd5b3d5b	175	f	0	2025-02-12 13:05:01.776	\N	\N	\N
\.


--
-- Name: checkpoints_id_seq; Type: SEQUENCE SET; Schema: public; Owner: neondbowner
--

SELECT pg_catalog.setval('public.checkpoints_id_seq', 337, true);


--
-- Name: confirmations_id_seq; Type: SEQUENCE SET; Schema: public; Owner: neondbowner
--

SELECT pg_catalog.setval('public.confirmations_id_seq', 71, true);


--
-- Name: routes_id_seq; Type: SEQUENCE SET; Schema: public; Owner: neondbowner
--

SELECT pg_catalog.setval('public.routes_id_seq', 893, true);


--
-- Name: user_actions_id_seq; Type: SEQUENCE SET; Schema: public; Owner: neondbowner
--

SELECT pg_catalog.setval('public.user_actions_id_seq', 261, true);


--
-- Name: users_id_seq; Type: SEQUENCE SET; Schema: public; Owner: neondbowner
--

SELECT pg_catalog.setval('public.users_id_seq', 8, true);


--
-- Name: checkpoints checkpoints_pkey; Type: CONSTRAINT; Schema: public; Owner: neondbowner
--

ALTER TABLE ONLY public.checkpoints
    ADD CONSTRAINT checkpoints_pkey PRIMARY KEY (id);


--
-- Name: confirmations confirmations_pkey; Type: CONSTRAINT; Schema: public; Owner: neondbowner
--

ALTER TABLE ONLY public.confirmations
    ADD CONSTRAINT confirmations_pkey PRIMARY KEY (id);


--
-- Name: routes routes_pkey; Type: CONSTRAINT; Schema: public; Owner: neondbowner
--

ALTER TABLE ONLY public.routes
    ADD CONSTRAINT routes_pkey PRIMARY KEY (id);


--
-- Name: session session_pkey; Type: CONSTRAINT; Schema: public; Owner: neondbowner
--

ALTER TABLE ONLY public.session
    ADD CONSTRAINT session_pkey PRIMARY KEY (sid);


--
-- Name: user_actions user_actions_pkey; Type: CONSTRAINT; Schema: public; Owner: neondbowner
--

ALTER TABLE ONLY public.user_actions
    ADD CONSTRAINT user_actions_pkey PRIMARY KEY (id);


--
-- Name: users users_pkey; Type: CONSTRAINT; Schema: public; Owner: neondbowner
--

ALTER TABLE ONLY public.users
    ADD CONSTRAINT users_pkey PRIMARY KEY (id);


--
-- Name: users users_username_unique; Type: CONSTRAINT; Schema: public; Owner: neondbowner
--

ALTER TABLE ONLY public.users
    ADD CONSTRAINT users_username_unique UNIQUE (username);


--
-- Name: IDX_session_expire; Type: INDEX; Schema: public; Owner: neondbowner
--

CREATE INDEX "IDX_session_expire" ON public.session USING btree (expire);


--
-- Name: DEFAULT PRIVILEGES FOR SEQUENCES; Type: DEFAULT ACL; Schema: public; Owner: neondbowner
--

ALTER DEFAULT PRIVILEGES FOR ROLE neondbowner IN SCHEMA public GRANT ALL ON SEQUENCES TO neondbowner WITH GRANT OPTION;


--
-- Name: DEFAULT PRIVILEGES FOR TABLES; Type: DEFAULT ACL; Schema: public; Owner: neondbowner
--

ALTER DEFAULT PRIVILEGES FOR ROLE neondbowner IN SCHEMA public GRANT ALL ON TABLES TO neondbowner WITH GRANT OPTION;


--
-- PostgreSQL database dump complete
--

